GII1000,AGCTGCACTT,Olfr32
GII1001,TGTTGGCTAC,Olfr111
GII1002,CACGCTGATT,Olfr1344
GII1003,GTTACTTGCC,Olfr1507
GII1004,ACTACCGGAA,Olfr727
GII1005,CAGAACAACG,Olfr110
GII1006,CCTATGTTCC,Olfr309
GII1007,GTGTTCACAC,Olfr267
GII1008,TCGGAACACT,Olfr131
GII1009,ACCGCAATTC,Olfr1428
GII1010,GATGTCCTGT,Olfr1301
GII1011,GCTGTATAGC,Olfr142
GII1012,CTCGCCAATA,Olfr414
GII1013,AGTGATCTGC,Olfr558
GII1014,AGACGTATCC,Olfr690
GII1015,AATGAGGAGG,Olfr124
GII1016,CTTAACCACC,Olfr1420
GII1017,TTCGTTGCCT,Olfr640
GII1018,TCGCTGAGAT,Olfr212
GII1019,GCTGAGTAAG,Olfr186
GII1020,CTCTCGTAAG,Olfr691
GII1021,GCTTCGAGAA,Olfr597
GII1022,TACGTAGACG,Olfr994
GII1023,ATCTGCCAAC,Olfr6
GII1024,AGGTTGGTCA,Olfr598
GII1025,GCGACTCAAT,Olfr1033
GII1026,TACGTCCTAC,Olfr1384
GII1027,TATCTCGGAG,Olfr1270
GII1028,TGAACATGCG,Olfr788
GII1029,GGTAGGTCAT,Olfr1448
GII1030,ACGGTCCTAA,Olfr1386
GII1031,GGCATGAGTT,Olfr1134
GII1032,GCTGCCATTA,Olfr566
GII1033,ACGGTATGAC,Olfr1271
GII1034,GTAGCAGACT,Olfr195
GII1035,GATTGCAAGG,Olfr57
GII1036,GCATGTGCAT,Olfr316
GII1037,CGGCACAATT,Olfr1030
GII1038,TGTATTCCGG,Olfr1509
GII1039,ACAGATTCCG,Olfr1372-ps1
GII1040,ACCTATCGCA,Olfr1099
GII1041,AATGGTCACC,Olfr288
GII1042,AACGACGTGT,Olfr1290
GII1043,AGCCGGATAT,Olfr533
GII1044,CTAGCTAAGG,Olfr213
GII1045,CGCTTGAATC,Olfr133
GII1046,TCCGCATACA,Olfr1299
GII1047,ATAGAAGGCG,Olfr669
GII1048,CTGTGATGAG,Olfr1340
GII1049,GTTGATTCGC,Olfr615
GII1050,AGGCTAATGG,Olfr122
GII1051,TCATGGAGGT,Olfr536
GII1052,AGTGGTACGT,Olfr1496
GII1053,TGATCTTGGC,Olfr1112
GII1054,TGTGCGAAGA,Olfr726
GII1055,TGGATCAGAC,Olfr129
GII1056,TCACCTGTGA,Olfr633
GII1057,CATCGAGAAC,Olfr1257
GII1058,AATGGCAGAC,Olfr722
GII1059,CCACGGATAA,Olfr446
GII1060,ATTGAGCCAG,Olfr55
GII1061,CGTCCACTTA,Olfr665
GII1062,TTAGCGTTGC,Olfr120
GII1063,GAGCCTTATC,Olfr1508
GII1064,ATCATGTGCC,Olfr1009
GII1065,AAGTGTGGTG,Olfr239
GII1066,AGTTGAAGCG,Olfr93
GII1067,AAGTCTCAGC,Olfr350
GII1068,TGGTTCGTTC,Olfr3
GII1069,GGACCTTGAA,Olfr599
GII1070,CGATGAACCT,Olfr187
GII1071,CTGGCTCTAT,Olfr360
GII1072,TTCCATGAGG,Olfr920
GII1073,TCGATTACGC,Olfr365
GII1074,AGAAGGCTTC,Olfr849
GII1075,TGTGCCTTCT,Olfr957
GII1076,ACCAGCGATA,Olfr166
GII1077,GTGTAGCGTA,Olfr643
GII1078,CAGAGCGTTA,Olfr18
GII1079,TGTGTTAGCC,Olfr532
GII1080,GCACGAGTTA,Olfr60
GII1081,AGCTCATCTG,Olfr730
GII1082,GTCAATGTCG,Olfr95
GII1083,TGTCCATTGG,Olfr570
GII1084,CTTAATGCGG,Olfr147
GII1085,ATCCTGCTTG,Olfr119
GII1086,GATATGTCGC,Olfr121
GII1087,TCATACAGCG,Olfr749
GII1088,GGCTTCTCAT,Olfr658
GII1089,CTGGAGGTTA,Olfr1396
GII1090,CTTCACTGTC,Olfr550
GII1091,TGCGTACTCA,Olfr1297
GII1092,CTGTCTTGTC,Olfr1328
GII1093,CACACCATCT,Olfr1056
GII1094,GCATAAGGTG,Olfr791
GII1095,GACAATCAGG,Olfr811
GII1096,CGCTAACTAC,Olfr1195
GII1097,GTTAGAGACC,Olfr1262
GII1098,ATCCGTTCTC,Olfr1427
GII1099,CGCTTAGTCT,Olfr1094
GII1100,GAGGATCGAA,Olfr549
GII1101,GCTATCTCTG,Olfr1385
GII1102,AATGACCGTG,Olfr1106
GII1103,TTGCGCGTAA,Olfr1362
GII1104,GATACGGAAG,Olfr205
GII1105,AGATTCCGAG,Olfr160
GII1106,TATACGAGCG,Olfr922
GII1107,TAGACGGTAC,Olfr1110
GII1108,GATAGTCCAC,Olfr467
GII1109,TAGTGCGTCT,Olfr165
GII1110,CCGTCGATAT,Olfr24
GII1111,TGCTGATAGG,Olfr610
GII1112,CTATCGGTTC,Olfr606
GII1113,TGTTGCTCGT,Olfr711
GII1114,CTCTTGGTGA,Olfr1
GII1115,TGCCATATGC,Olfr740
GII1116,TAACTGTGCC,Olfr912
GII1117,CGAGTTGGAT,Olfr1093
GII1118,ATCGGATCAG,Olfr786
GII1119,GGTAATCGAG,Olfr1497
GII1120,GGAAGAGAGA,Olfr47
GII1121,ACAGAGGTGA,Olfr78
GII1122,CTTCCGTAGA,Olfr1426
GII1123,GGAGGTAACT,Olfr723
GII1124,TGGATAGTCG,Olfr1034
GII1125,GGTGGAATCA,Olfr876
GII1126,TGCAGCCATT,Olfr1247
GII1127,CGATCATACC,Olfr923
GII1128,TTGTAGGCCT,Olfr53
GII1129,GAATGAGCTC,Olfr30
GII1130,GCACTGGTAT,Olfr1097
GII1131,TGTGGCAATG,Olfr1276
GII1132,TCACGGCATA,Olfr584
GII1133,GTTACCGTAC,Olfr1240
GII1134,GATGCGTACA,Olfr1484
GII1135,ACACGTGACT,Olfr31
GII1136,GATGTGACAG,Olfr17
GII1137,TACACAACGC,Olfr699
GII1138,AGACCTGATC,Olfr1135
GII1139,CAATGTGGCT,Olfr138
GII1140,GCAGTGTGTT,Olfr99
GII1141,GGTGAGAGAT,Olfr448
GII1142,TTGAAGCAGC,Olfr169
GII1143,TTCACTTCCG,Olfr206
GII1144,TAGGAGAGGT,Olfr1018
GII1145,ATCTAGGACG,Olfr1013
GII1146,GTCCTTAAGC,Olfr678
GII1147,GTAGACGCAT,Olfr981
GII1148,TCGCATCCTA,Olfr1320
GII1149,CTAGTGTGCA,Olfr1006
GII1150,AAGGACTGGA,Olfr728
GII1151,CGACAGGAAT,Olfr733
GII1152,TACGCTATCC,Olfr190
GII1153,GCCGAATTAC,Olfr1325
GII1154,ATCTCTAGGC,Olfr1308
GII1155,CTAGGTTGGT,Olfr332
GII1156,CGTGATTGAC,Olfr1318
GII1157,TTGAGAGCGT,Olfr576
GII1158,CACGGTTAAG,Olfr535
GII1159,CCGGCATAAT,Olfr1382
GII1160,TCGTACGGTT,Olfr963
GII1161,ACAGTTAGGC,Olfr552
GII1162,CTAATAGCCG,Olfr477
GII1163,GTGAAGGACA,Olfr281
GII1164,GTACACTACC,Olfr1323
GII1165,TCACGATCAG,Olfr136
GII1166,GGAGTGATTG,Olfr135
GII1167,TCGACAAGCA,Olfr586
GII1168,TCGGACTATC,Olfr672
GII1169,CATACCTGGA,Olfr1104
GII1170,GACACGCATT,Olfr1176
GII1171,GACGATTGGT,Olfr806
GII1172,TAAGAGGACC,Olfr152
GII1173,TCTGCTTGGA,Olfr1349
GII1174,CTTGCGGAAT,Olfr683
GII1175,ATCCACGCTT,Olfr1012
GII1176,TTGCGGTAAC,Olfr742
GII1177,CGTAGCTAAG,Olfr1364
GII1178,ACTCCAGCAT,Olfr1423
GII1179,TAACGCCAGT,Olfr618
GII1180,TCATCCGTTG,Olfr1052
GII1181,CAATACCAGG,Olfr1080
GII1182,AGCGGTCAAT,Olfr661
GII1183,GACGAGGAAT,Olfr985
GII1184,AGTATGGCGT,Olfr1014
GII1185,GGTTCGGTAT,Olfr805
GII1186,ACCGAAGGAA,Olfr1015
GII1187,TGCTGGAACA,Olfr1204
GII1188,CTTATCAGGC,Olfr355
GII1189,AATTAGCGCC,Olfr582
GII1190,TCCTCTACCA,Olfr1037
GII1191,CCAGGTGATA,Olfr891
GII1192,CCGGATAGTT,Olfr1392
GII1193,TTAGATCGGC,Olfr118
GII1194,GTTCGTGCTT,Olfr1352
GII1195,TCCATCGTGT,Olfr1477
GII1196,ATGCCTTCCT,Olfr43
GII1197,ATCATTCCGC,Olfr46
GII1198,AAGTTAGCGC,Olfr183
GII1199,CTAACATCGC,Olfr140
GII1200,ATTCTCCACG,Olfr211
GII1201,TCAAGCGGAT,Olfr19
GII1202,AGTATCCGTC,Olfr701
GII1203,GTGTTAGGTC,Olfr701
GII1204,CATTGTTCGG,Olfr701
GII1205,TCTGTGGAAC,Olfr1302
GII1206,ATTACCTCGG,Olfr1411
GII1207,TGTTCGTGTG,Olfr992
GII1208,GACCGTTACA,Olfr193
GII1209,CGTCTAATCC,Olfr1019
GII1210,TGCGCAACTA,Olfr798
GII1211,CGACAATGAG,Olfr449
GII1212,AGGTATACCG,Olfr1258
GII1213,TAGGCCGATA,Olfr1305
GII1214,GTGTCACCAA,Olfr1294
GII1215,TCTACGGCTA,Olfr114
GII1216,TCCAACAACC,Olfr1111
GII1217,TCGTGAGAGA,Olfr1346
GII1218,AGAGAGTGGT,Olfr704
GII1219,GCAATTGTGC,Olfr1330
GII1220,GTTGAAGGAC,Olfr1317
GII1221,ACCGTGTCAA,Olfr873
GII1222,GTGGCGTTAA,Olfr325
GII1223,ATGCCAGAAC,Olfr411
GII1224,GACCACTAAG,Olfr531
GII1225,TCAGTGACGA,Olfr1263
GII1226,CTCTGAACGA,Olfr476
GII1227,GACCAACTTC,Olfr792
GII1228,AGTTAGGCTG,Olfr1431
GII1229,TGCATGGAAG,Olfr1000
GII1230,TGATAGGCGA,Olfr1443
GII1231,GTGATCTGGA,Olfr995
