GII3000,TTCTAGG,Pmch
GII3001,AAGCCTT,Slc32a1
GII3002,CCAGAAT,Slc17a6
GII3003,GCATATG,Trh
GII3004,GTCATCC,Oxt
GII3005,CGCGATA,Hcrt
GII3006,TTACCAG,Htr2c
GII3007,CTAAGCA,Nts
GII3008,TTGCGTA,Avp
GII3009,GTACTTC,Ddc
GII3010,CCTAGTT,Slc6a3
GII3011,TCGAACC,Baiap2
GII3012,AATAGCG,Baiap2
GII3013,CTACAGT,Slc18a2
GII3014,TAACGCG,Gal
GII3015,GACGCTT,Gal
GII3016,ACCTGTT,Amigo2
GII3017,TTAGCCA,Calcr
GII3018,CACGTTG,Calcr
GII3019,TCTACCG,Pgr
GII3020,CATAGGC,Tcf7l2
GII3021,GCGTAGT,Tcf7l2
GII3022,TTGACTC,Ar
GII3023,ACAATGC,Trhr
GII3024,GATGTTC,Npy1r
GII3025,TGTCCAA,Drd1
GII3026,GACATGG,Prlr
GII3027,ATAGACC,Ebf3
GII3028,GACCATC,Ebf3
GII3029,CTAGGTT,Ebf3
GII3030,AGCTCAA,Tacr1
GII3031,CAGATGA,Esr1
GII3032,CCACTGA,Dach1
GII3033,CTCAGAT,Dach1
GII3034,AAGGACT,Fezf1
GII3035,GTAGCTG,Sox6
GII3036,GCAATCG,Sox6
GII3037,TACGTGA,Sox6
GII3038,TCATAGC,Pomc
GII3039,TGACTCA,C1ql2
GII3040,GGCGAAT,Sim1
GII3041,TCCAATG,Npvf
GII3042,TAGGAAC,Nms
GII3043,AACGTCC,Nms
GII3044,ACTGGAA,Ucn3
GII3045,AGTAGAC,Gnrh1
GII3046,ACTCGTG,Brs3
GII3047,ATCGATG,Six6
GII3048,ACATCAG,Rxfp1
GII3049,ATGTCCT,Agrp
GII3050,TGAACGC,Kiss1r
GII3051,GATGCAG,Kiss1r
GII3052,CGGACTA,Kcnmb2
GII3053,CACCGTA,Creb3l1
GII3054,CCGATCT,Lmx1a
GII3055,ACAGCCT,Kiss1
GII3056,CCAACTG,Ghrh
GII3057,CAAGCTA,Nup62cl
GII3058,TCGATAG,Eomes
GII3059,AACCGCT,Eomes
GII3060,TCCGAGT,Crhr1
GII3061,GCCTAAC,Crhr1
GII3062,AGGCGAT,Crhr1
GII3063,GGCATTA,Htr1f
GII3064,CGAACCT,Moxd1
GII3065,CTGCACA,Lepr
GII3066,CGACATG,Oprd1
GII3067,AATCGGA,Oxtr
GII3068,CGAATTC,Mc3r
GII3069,AATGCCA,Mc4r
GII3070,GACCTAA,Ptger1
GII3071,CGATACC,Ptger2
GII3072,GTCTCAG,Avpr2
