GII2121,GCCAGTAAGA,Ache
GII2122,GCTTTCCTCA,Cacna2d1
GII2123,TCATCCGTTG,Cbln2
GII2124,AAAGGTGCAC,Chrm1
GII2125,CGCTTAGTCT,Chrm2
GII2126,ATTCCCAAGC,Chrm3
GII2127,AACAGCTAGC,Cntnap5a
GII2128,CATCCTATGG,Drd1
GII2129,GCCACTTCTA,Drd2
GII2130,CACGCTGATT,Drd3
GII2131,GCTGATGGTA,Grp
GII2132,ATACCGCTAC,Htr1a
GII2133,AAGGAGCTCT,Htr1b
GII2134,CTATCGTCCT,Htr1d
GII2135,GGAGCTTTGT,Htr2a
GII2136,ATGGACTACG,Htr2b
GII2137,AATGGCTTGG,Htr2c
GII2138,CCCAGAAGTA,Htr3a
GII2139,TACCGCATTG,Htr3b
GII2140,GGGCGTTTAT,Htr4
GII2141,ACACGCAGTA,Htr5a
GII2142,TCTGATGACG,Htr5b
GII2143,CATAGCGACT,Htr6
GII2144,ACTGGAGGTT,Htr7
GII2145,GAAGGATCGT,Meis2
GII2146,CACTGACCAT,Ntng2
GII2147,AAGGCACTAC,Ntsr1
GII2148,GCGTAAAGCT,Pitx2
GII2149,CGGCTAAGAA,Slc17a6
GII2150,TGGGCTAATC,Slc17a8
GII2151,AAACCCTGAC,Slc32a1
GII2152,TTTCAGAGGC,Slc6a3
GII2153,CTGAGTCACA,Slc6a4
GII2154,CCAGTCATTC,Tac1
GII2155,AGAGACGACT,Tcf7l2
GII2156,TACGAACGAG,Tmem163
GII2157,CCGATACTTC,Tshz3
