GII1000,AGCTGCACTT,Olfr32,,,,,,,,
GII1001,TGTTGGCTAC,Olfr111,,,,,,,,
GII1002,CACGCTGATT,Olfr1344,,,,,,,,
GII1003,GTTACTTGCC,Olfr1507,,,,,,,,
GII1004,ACTACCGGAA,Olfr727,,,,,,,,
GII1005,CAGAACAACG,Olfr110,,,,,,,,
GII1006,CCTATGTTCC,Olfr309,,,,,,,,
GII1007,GTGTTCACAC,Olfr267,,,,,,,,
GII1008,TCGGAACACT,Olfr131,,,,,,,,
GII1009,ACCGCAATTC,Olfr1428,,,,,,,,
GII1010,GATGTCCTGT,Olfr1301,,,,,,,,
GII1011,GCTGTATAGC,Olfr142,,,,,,,,
GII1012,CTCGCCAATA,Olfr414,,,,,,,,
GII1013,AGTGATCTGC,Olfr558,,,,,,,,
GII1014,AGACGTATCC,Olfr690,,,,,,,,
GII1015,AATGAGGAGG,Olfr124,,,,,,,,
GII1016,CTTAACCACC,Olfr1420,,,,,,,,
GII1017,TTCGTTGCCT,Olfr640,,,,,,,,
GII1018,TCGCTGAGAT,Olfr212,,,,,,,,
GII1019,GCTGAGTAAG,Olfr186,,,,,,,,
GII1020,CTCTCGTAAG,Olfr691,,,,,,,,
GII1021,GCTTCGAGAA,Olfr597,,,,,,,,
GII1022,TACGTAGACG,Olfr994,,,,,,,,
GII1023,ATCTGCCAAC,Olfr6,,,,,,,,
GII1024,AGGTTGGTCA,Olfr598,,,,,,,,
GII1025,GCGACTCAAT,Olfr1033,,,,,,,,
GII1026,TACGTCCTAC,Olfr1384,,,,,,,,
GII1027,TATCTCGGAG,Olfr1270,,,,,,,,
GII1028,TGAACATGCG,Olfr788,,,,,,,,
GII1029,GGTAGGTCAT,Olfr1448,,,,,,,,
GII1030,ACGGTCCTAA,Olfr1386,,,,,,,,
GII1031,GGCATGAGTT,Olfr1134,,,,,,,,
GII1032,GCTGCCATTA,Olfr566,,,,,,,,
GII1033,ACGGTATGAC,Olfr1271,,,,,,,,
GII1034,GTAGCAGACT,Olfr195,,,,,,,,
GII1035,GATTGCAAGG,Olfr57,,,,,,,,
GII1036,GCATGTGCAT,Olfr316,,,,,,,,
GII1037,CGGCACAATT,Olfr1030,,,,,,,,
GII1038,TGTATTCCGG,Olfr1509,,,,,,,,
GII1039,ACAGATTCCG,Olfr1372-ps1,,,,,,,,
GII1040,ACCTATCGCA,Olfr1099,,,,,,,,
GII1041,AATGGTCACC,Olfr288,,,,,,,,
GII1042,AACGACGTGT,Olfr1290,,,,,,,,
GII1043,AGCCGGATAT,Olfr533,,,,,,,,
GII1044,CTAGCTAAGG,Olfr213,,,,,,,,
GII1045,CGCTTGAATC,Olfr133,,,,,,,,
GII1046,TCCGCATACA,Olfr1299,,,,,,,,
GII1047,ATAGAAGGCG,Olfr669,,,,,,,,
GII1048,CTGTGATGAG,Olfr1340,,,,,,,,
GII1049,GTTGATTCGC,Olfr615,,,,,,,,
GII1050,AGGCTAATGG,Olfr122,,,,,,,,
GII1051,TCATGGAGGT,Olfr536,,,,,,,,
GII1052,AGTGGTACGT,Olfr1496,,,,,,,,
GII1053,TGATCTTGGC,Olfr1112,,,,,,,,
GII1054,TGTGCGAAGA,Olfr726,,,,,,,,
GII1055,TGGATCAGAC,Olfr129,,,,,,,,
GII1056,TCACCTGTGA,Olfr633,,,,,,,,
GII1057,CATCGAGAAC,Olfr1257,,,,,,,,
GII1058,AATGGCAGAC,Olfr722,,,,,,,,
GII1059,CCACGGATAA,Olfr446,,,,,,,,
GII1060,ATTGAGCCAG,Olfr55,,,,,,,,
GII1061,CGTCCACTTA,Olfr665,,,,,,,,
GII1062,TTAGCGTTGC,Olfr120,,,,,,,,
GII1063,GAGCCTTATC,Olfr1508,,,,,,,,
GII1064,ATCATGTGCC,Olfr1009,,,,,,,,
GII1065,AAGTGTGGTG,Olfr239,,,,,,,,
GII1066,AGTTGAAGCG,Olfr93,,,,,,,,
GII1067,AAGTCTCAGC,Olfr350,,,,,,,,
GII1068,TGGTTCGTTC,Olfr3,,,,,,,,
GII1069,GGACCTTGAA,Olfr599,,,,,,,,
GII1070,CGATGAACCT,Olfr187,,,,,,,,
GII1071,CTGGCTCTAT,Olfr360,,,,,,,,
GII1072,TTCCATGAGG,Olfr920,,,,,,,,
GII1073,TCGATTACGC,Olfr365,,,,,,,,
GII1074,AGAAGGCTTC,Olfr849,,,,,,,,
GII1075,TGTGCCTTCT,Olfr957,,,,,,,,
GII1076,ACCAGCGATA,Olfr166,,,,,,,,
GII1077,GTGTAGCGTA,Olfr643,,,,,,,,
GII1078,CAGAGCGTTA,Olfr18,,,,,,,,
GII1079,TGTGTTAGCC,Olfr532,,,,,,,,
GII1080,GCACGAGTTA,Olfr60,,,,,,,,
GII1081,AGCTCATCTG,Olfr730,,,,,,,,
GII1082,GTCAATGTCG,Olfr95,,,,,,,,
GII1083,TGTCCATTGG,Olfr570,,,,,,,,
GII1084,CTTAATGCGG,Olfr147,,,,,,,,
GII1085,ATCCTGCTTG,Olfr119,,,,,,,,
GII1086,GATATGTCGC,Olfr121,,,,,,,,
GII1087,TCATACAGCG,Olfr749,,,,,,,,
GII1088,GGCTTCTCAT,Olfr658,,,,,,,,
GII1089,CTGGAGGTTA,Olfr1396,,,,,,,,
GII1090,CTTCACTGTC,Olfr550,,,,,,,,
GII1091,TGCGTACTCA,Olfr1297,,,,,,,,
GII1092,CTGTCTTGTC,Olfr1328,,,,,,,,
GII1093,CACACCATCT,Olfr1056,,,,,,,,
GII1094,GCATAAGGTG,Olfr791,,,,,,,,
GII1095,GACAATCAGG,Olfr811,,,,,,,,
GII1096,CGCTAACTAC,Olfr1195,,,,,,,,
GII1097,GTTAGAGACC,Olfr1262,,,,,,,,
GII1098,ATCCGTTCTC,Olfr1427,,,,,,,,
GII1099,CGCTTAGTCT,Olfr1094,,,,,,,,
GII1100,GAGGATCGAA,Olfr549,,,,,,,,
GII1101,GCTATCTCTG,Olfr1385,,,,,,,,
GII1102,AATGACCGTG,Olfr1106,,,,,,,,
GII1103,TTGCGCGTAA,Olfr1362,,,,,,,,
GII1104,GATACGGAAG,Olfr205,,,,,,,,
GII1105,AGATTCCGAG,Olfr160,,,,,,,,
GII1106,TATACGAGCG,Olfr922,,,,,,,,
GII1107,TAGACGGTAC,Olfr1110,,,,,,,,
GII1108,GATAGTCCAC,Olfr467,,,,,,,,
GII1109,TAGTGCGTCT,Olfr165,,,,,,,,
GII1110,CCGTCGATAT,Olfr24,,,,,,,,
GII1111,TGCTGATAGG,Olfr610,,,,,,,,
GII1112,CTATCGGTTC,Olfr606,,,,,,,,
GII1113,TGTTGCTCGT,Olfr711,,,,,,,,
GII1114,CTCTTGGTGA,Olfr1,,,,,,,,
GII1115,TGCCATATGC,Olfr740,,,,,,,,
GII1116,TAACTGTGCC,Olfr912,,,,,,,,
GII1117,CGAGTTGGAT,Olfr1093,,,,,,,,
GII1118,ATCGGATCAG,Olfr786,,,,,,,,
GII1119,GGTAATCGAG,Olfr1497,,,,,,,,
GII1120,GGAAGAGAGA,Olfr47,,,,,,,,
GII1121,ACAGAGGTGA,Olfr78,,,,,,,,
GII1122,CTTCCGTAGA,Olfr1426,,,,,,,,
GII1123,GGAGGTAACT,Olfr723,,,,,,,,
GII1124,TGGATAGTCG,Olfr1034,,,,,,,,
GII1125,GGTGGAATCA,Olfr876,,,,,,,,
GII1126,TGCAGCCATT,Olfr1247,,,,,,,,
GII1127,CGATCATACC,Olfr923,,,,,,,,
GII1128,TTGTAGGCCT,Olfr53,,,,,,,,
GII1129,GAATGAGCTC,Olfr30,,,,,,,,
GII1130,GCACTGGTAT,Olfr1097,,,,,,,,
GII1131,TGTGGCAATG,Olfr1276,,,,,,,,
GII1132,TCACGGCATA,Olfr584,,,,,,,,
GII1133,GTTACCGTAC,Olfr1240,,,,,,,,
GII1134,GATGCGTACA,Olfr1484,,,,,,,,
GII1135,ACACGTGACT,Olfr31,,,,,,,,
GII1136,GATGTGACAG,Olfr17,,,,,,,,
GII1137,TACACAACGC,Olfr699,,,,,,,,
GII1138,AGACCTGATC,Olfr1135,,,,,,,,
GII1139,CAATGTGGCT,Olfr138,,,,,,,,
GII1140,GCAGTGTGTT,Olfr99,,,,,,,,
GII1141,GGTGAGAGAT,Olfr448,,,,,,,,
GII1142,TTGAAGCAGC,Olfr169,,,,,,,,
GII1143,TTCACTTCCG,Olfr206,,,,,,,,
GII1144,TAGGAGAGGT,Olfr1018,,,,,,,,
GII1145,ATCTAGGACG,Olfr1013,,,,,,,,
GII1146,GTCCTTAAGC,Olfr678,,,,,,,,
GII1147,GTAGACGCAT,Olfr981,,,,,,,,
GII1148,TCGCATCCTA,Olfr1320,,,,,,,,
GII1149,CTAGTGTGCA,Olfr1006,,,,,,,,
GII1150,AAGGACTGGA,Olfr728,,,,,,,,
GII1151,CGACAGGAAT,Olfr733,,,,,,,,
GII1152,TACGCTATCC,Olfr190,,,,,,,,
GII1153,GCCGAATTAC,Olfr1325,,,,,,,,
GII1154,ATCTCTAGGC,Olfr1308,,,,,,,,
GII1155,CTAGGTTGGT,Olfr332,,,,,,,,
GII1156,CGTGATTGAC,Olfr1318,,,,,,,,
GII1157,TTGAGAGCGT,Olfr576,,,,,,,,
GII1158,CACGGTTAAG,Olfr535,,,,,,,,
GII1159,CCGGCATAAT,Olfr1382,,,,,,,,
GII1160,TCGTACGGTT,Olfr963,,,,,,,,
GII1161,ACAGTTAGGC,Olfr552,,,,,,,,
GII1162,CTAATAGCCG,Olfr477,,,,,,,,
GII1163,GTGAAGGACA,Olfr281,,,,,,,,
GII1164,GTACACTACC,Olfr1323,,,,,,,,
GII1165,TCACGATCAG,Olfr136,,,,,,,,
GII1166,GGAGTGATTG,Olfr135,,,,,,,,
GII1167,TCGACAAGCA,Olfr586,,,,,,,,
GII1168,TCGGACTATC,Olfr672,,,,,,,,
GII1169,CATACCTGGA,Olfr1104,,,,,,,,
GII1170,GACACGCATT,Olfr1176,,,,,,,,
GII1171,GACGATTGGT,Olfr806,,,,,,,,
GII1172,TAAGAGGACC,Olfr152,,,,,,,,
GII1173,TCTGCTTGGA,Olfr1349,,,,,,,,
GII1174,CTTGCGGAAT,Olfr683,,,,,,,,
GII1175,ATCCACGCTT,Olfr1012,,,,,,,,
GII1176,TTGCGGTAAC,Olfr742,,,,,,,,
GII1177,CGTAGCTAAG,Olfr1364,,,,,,,,
GII1178,ACTCCAGCAT,Olfr1423,,,,,,,,
GII1179,TAACGCCAGT,Olfr618,,,,,,,,
GII1180,TCATCCGTTG,Olfr1052,,,,,,,,
GII1181,CAATACCAGG,Olfr1080,,,,,,,,
GII1182,AGCGGTCAAT,Olfr661,,,,,,,,
GII1183,GACGAGGAAT,Olfr985,,,,,,,,
GII1184,AGTATGGCGT,Olfr1014,,,,,,,,
GII1185,GGTTCGGTAT,Olfr805,,,,,,,,
GII1186,ACCGAAGGAA,Olfr1015,,,,,,,,
GII1187,TGCTGGAACA,Olfr1204,,,,,,,,
GII1188,CTTATCAGGC,Olfr355,,,,,,,,
GII1189,AATTAGCGCC,Olfr582,,,,,,,,
GII1190,TCCTCTACCA,Olfr1037,,,,,,,,
GII1191,CCAGGTGATA,Olfr891,,,,,,,,
GII1192,CCGGATAGTT,Olfr1392,,,,,,,,
GII1193,TTAGATCGGC,Olfr118,,,,,,,,
GII1194,GTTCGTGCTT,Olfr1352,,,,,,,,
GII1195,TCCATCGTGT,Olfr1477,,,,,,,,
GII1196,ATGCCTTCCT,Olfr43,,,,,,,,
GII1197,ATCATTCCGC,Olfr46,,,,,,,,
GII1198,AAGTTAGCGC,Olfr183,,,,,,,,
GII1199,CTAACATCGC,Olfr140,,,,,,,,
GII1200,ATTCTCCACG,Olfr211,,,,,,,,
GII1201,TCAAGCGGAT,Olfr19,,,,,,,,
GII1202,AGTATCCGTC,Olfr701,,,,,,,,
GII1203,GTGTTAGGTC,Olfr701,,,,,,,,
GII1204,CATTGTTCGG,Olfr701,,,,,,,,
GII1205,TCTGTGGAAC,Olfr1302,,,,,,,,
GII1206,ATTACCTCGG,Olfr1411,,,,,,,,
GII1207,TGTTCGTGTG,Olfr992,,,,,,,,
GII1208,GACCGTTACA,Olfr193,,,,,,,,
GII1209,CGTCTAATCC,Olfr1019,,,,,,,,
GII1210,TGCGCAACTA,Olfr798,,,,,,,,
GII1211,CGACAATGAG,Olfr449,,,,,,,,
GII1212,AGGTATACCG,Olfr1258,,,,,,,,
GII1213,TAGGCCGATA,Olfr1305,,,,,,,,
GII1214,GTGTCACCAA,Olfr1294,,,,,,,,
GII1215,TCTACGGCTA,Olfr114,,,,,,,,
GII1216,TCCAACAACC,Olfr1111,,,,,,,,
GII1217,TCGTGAGAGA,Olfr1346,,,,,,,,
GII1218,AGAGAGTGGT,Olfr704,,,,,,,,
GII1219,GCAATTGTGC,Olfr1330,,,,,,,,
GII1220,GTTGAAGGAC,Olfr1317,,,,,,,,
GII1221,ACCGTGTCAA,Olfr873,,,,,,,,
GII1222,GTGGCGTTAA,Olfr325,,,,,,,,
GII1223,ATGCCAGAAC,Olfr411,,,,,,,,
GII1224,GACCACTAAG,Olfr531,,,,,,,,
GII1225,TCAGTGACGA,Olfr1263,,,,,,,,
GII1226,CTCTGAACGA,Olfr476,,,,,,,,
GII1227,GACCAACTTC,Olfr792,,,,,,,,
GII1228,AGTTAGGCTG,Olfr1431,,,,,,,,
GII1229,TGCATGGAAG,Olfr1000,,,,,,,,
GII1230,TGATAGGCGA,Olfr1443,,,,,,,,
GII1231,GTGATCTGGA,Olfr995,,,,,,,,
GII1232,CCTGAAGTTC,Olfr969,,,,,,,,
GII1233,CGGAAGATGA,Olfr1264,,,,,,,,
GII1234,AAACGCCTAG,Olfr523,,,,,,,,
GII1235,GTGACTAACG,Olfr1348,,,,,,,,
GII1236,GCCTTACCTT,Olfr1440,,,,,,,,
GII1237,GACGACAATC,Olfr1222,,,,,,,,
GII1238,GGCTGTTAAC,Olfr15,,,,,,,,
GII1239,AAAGCTCGGA,Olfr1226,,,,,,,,
GII1240,CAAATACGGG,Olfr1395,,,,,,,,
GII1241,ACGTTTCCTC,Olfr1260,,,,,,,,
GII1242,TGCCACCTAT,Olfr820,,,,,,,,
GII1243,GGAACCCTAT,Olfr1321,,,,,,,,
GII1244,GATCCAGGTT,Olfr653,,,,,,,,
GII1245,ACTAAAGGCC,Olfr628,,,,,,,,
GII1246,TCGTTATCCG,Olfr222,,,,,,,,
GII1247,CATGGGTGAA,Olfr370,,,,,,,,
GII1248,GAATGGTGCA,Olfr1213,,,,,,,,
GII1249,TGAAAGCGTG,Olfr167,,,,,,,,
GII1250,GGTCTGCATT,Olfr1140,,,,,,,,
GII1251,AGTCTAGCTC,Olfr794,,,,,,,,
GII1252,CAATCCTTCG,Olfr1361,,,,,,,,
GII1253,ACCAAGATGC,Olfr578,,,,,,,,
GII1254,CTTCTACGAC,Olfr731,,,,,,,,
GII1255,TCTACCAGGT,Olfr685,,,,,,,,
GII1256,CGTATTGGGA,Olfr419,,,,,,,,
GII1257,ACTTGTCCCT,Olfr524,,,,,,,,
GII1258,GTACGTTAGG,Olfr543,,,,,,,,
GII1259,AACTACCTCG,Olfr522,,,,,,,,
GII1260,AGGGCCATTT,Olfr1043,,,,,,,,
GII1261,ATGGACTACG,Olfr250,,,,,,,,
GII1262,ACTGGAGGTT,Olfr835,,,,,,,,
GII1263,AACGTTCTGG,Olfr71,,,,,,,,
GII1264,CCAGCTATCT,Olfr1406,,,,,,,,
GII1265,GTGGTCAGTT,Olfr1178,,,,,,,,
GII1266,CCCTAACATG,Olfr314,,,,,,,,
GII1267,CAACGTAACG,Olfr1254,,,,,,,,
GII1268,GAGAACCTAG,Olfr424,,,,,,,,
GII1269,ATGCAAACGC,Olfr609,,,,,,,,
GII1270,ATCAGTGGAG,Olfr1389,,,,,,,,
GII1271,AGGACCTCAA,Olfr1256,,,,,,,,
GII1272,CAGGAAGGAT,Olfr1238,,,,,,,,
GII1273,GCCTATACGT,Olfr1408,,,,,,,,
GII1274,CGAATGCAGT,Olfr1228,,,,,,,,
GII1275,CCGATACTTC,Olfr63,,,,,,,,
GII1276,TAGGATGCTC,Olfr464,,,,,,,,
GII1277,CGGTATCAGA,Olfr1211,,,,,,,,
GII1278,ACCTAGCAGT,Olfr488,,,,,,,,
GII1279,GTACCCTCTA,Olfr1046,,,,,,,,
GII1280,ACTAGGAAGG,Olfr1442,,,,,,,,
GII1281,AGACATCCGT,Olfr1198,,,,,,,,
GII1282,TTCATCACGG,Olfr1336,,,,,,,,
GII1283,CCACAAATGC,Olfr1463,,,,,,,,
GII1284,TTAGCTGGCA,Olfr741,,,,,,,,
GII1285,GGCCCATAAT,Olfr1157,,,,,,,,
GII1286,CAGACACTGT,Olfr390,,,,,,,,
GII1287,TAGATCCCTC,Olfr368,,,,,,,,
GII1288,ACTCCTACGA,Olfr827,,,,,,,,
GII1289,TGTAGCATGC,Olfr649,,,,,,,,
GII1290,CAACTCGACA,Olfr52,,,,,,,,
GII1291,AACCCTTTGC,Olfr1322,,,,,,,,
GII1292,GATGGACTAG,Olfr1347,,,,,,,,
GII1293,CTAGAGATCG,Olfr568,,,,,,,,
GII1294,AAGTCCAGCT,Olfr65,,,,,,,,
GII1295,GTTCAGAACG,Olfr48,,,,,,,,
GII1296,CAAACGTAGG,Olfr1357,,,,,,,,
GII1297,TTGCAACGTG,Olfr745,,,,,,,,
GII1298,ACTGAGCACA,Olfr1366,,,,,,,,
GII1299,CTCAGCATAC,Olfr959,,,,,,,,
GII1300,TGCCTTTACC,Olfr1212,,,,,,,,
GII1301,CTTCCTTCAG,Olfr720,,,,,,,,
GII1302,GATACCAACC,Olfr632,,,,,,,,
GII1303,ACGTGAACAC,Olfr884,,,,,,,,
GII1304,AGCGTAAGAG,Olfr1494,,,,,,,,
GII1305,CTTGGCTACA,Olfr972,,,,,,,,
GII1306,GTCGACTTTG,Olfr2,,,,,,,,
GII1307,GGAACTAAGC,Olfr49,,,,,,,,
GII1308,ACGAACGTCA,Olfr1252,,,,,,,,
GII1309,CCTCCTAGAT,Olfr145,,,,,,,,
GII1310,CAGCATCACT,Olfr1208,,,,,,,,
GII1311,GTGGAACAGA,Olfr308,,,,,,,,
GII1312,TCACCTCAAG,Olfr594,,,,,,,,
GII1313,AAACCCACGT,Olfr616,,,,,,,,
GII1314,ACTTGTGGAC,Olfr686,,,,,,,,
GII1315,CATTAACCGC,Olfr1491,,,,,,,,
GII1316,AAACCGATCG,Olfr600,,,,,,,,
GII1317,CCTAGCATCA,Olfr808,,,,,,,,
GII1318,AACCGGTGTA,Olfr1193,,,,,,,,
GII1319,TCCACGACAT,Olfr479,,,,,,,,
GII1320,ACAACACTCG,Olfr393,,,,,,,,
GII1321,GGCAAATCAG,Olfr460,,,,,,,,
GII1322,GTGGTTGCAA,Olfr619,,,,,,,,
GII1323,TCAGCGCTAT,Olfr437,,,,,,,,
GII1324,TGTACCACAG,Olfr1200,,,,,,,,
GII1325,AGTCCCTGTT,Olfr557,,,,,,,,
GII1326,CACAAGGTGT,Olfr571,,,,,,,,
GII1327,CATCTGGAGT,Olfr96,,,,,,,,
GII1328,GGTCATACAC,Olfr541,,,,,,,,
GII1329,TTCGTGCGAA,Olfr392,,,,,,,,
GII1330,ATAGGCGAAG,Olfr77,,,,,,,,
GII1331,CTGAACCGTT,Olfr1162,,,,,,,,
GII1332,CGAGAGCATA,Olfr729,,,,,,,,
GII1333,ACCACCTAAG,Olfr868,,,,,,,,
GII1334,CAAATCGCGT,Olfr1370,,,,,,,,
GII1335,CGCTAATCCA,Olfr214,,,,,,,,
GII1336,GTAATCAGCG,Olfr984,,,,,,,,
GII1337,AGGGTTTCCA,Olfr73,,,,,,,,
GII1338,TCCATCTGTC,Olfr67,,,,,,,,
GII1339,GATTCTGTGC,Olfr689,,,,,,,,
GII1340,CATTGGATCC,Olfr1045,,,,,,,,
GII1341,GACCTAGTGT,Olfr168,,,,,,,,
GII1342,AAACACCGCT,Olfr1155,,,,,,,,
GII1343,AGCACGAAGT,Olfr965,,,,,,,,
GII1344,CACAACTGAC,Olfr1087,,,,,,,,
GII1345,TAAGGAAGCC,Olfr1511,,,,,,,,
GII1346,AGCCACTTTC,Olfr1437,,,,,,,,
GII1347,CTATGGACAG,Olfr506,,,,,,,,
GII1348,ACGTAGTGTC,Olfr389,,,,,,,,
GII1349,ACGCTCGTTT,Olfr125,,,,,,,,
GII1350,AGACTCCCTA,Olfr655,,,,,,,,
GII1351,AATCGTCCTG,Olfr1242,,,,,,,,
GII1352,TAGGGTTGAC,Olfr639,,,,,,,,
GII1353,AACCCACAGT,Olfr1342,,,,,,,,
GII1354,TTCACGGTTG,Olfr1183,,,,,,,,
GII1355,GATATTGCCG,Olfr572,,,,,,,,
GII1356,CGTTAGTAGG,Olfr921,,,,,,,,
GII1357,GTAGTTCGAG,Olfr1239,,,,,,,,
GII1358,TTGTCCTAGG,Olfr62,,,,,,,,
GII1359,CCTTGTCTAG,Olfr1495,,,,,,,,
GII1360,CCGCATTGAA,Olfr796,,,,,,,,
GII1361,GAATGCCCAA,Olfr1368,,,,,,,,
GII1362,CAAGGTTCCA,Olfr527,,,,,,,,
GII1363,AAGACCGCTT,Olfr472,,,,,,,,
GII1364,TGTGTGTACG,Olfr1143,,,,,,,,
GII1365,TGCTATCCCT,Olfr1412,,,,,,,,
GII1366,TTTCGGACCT,Olfr1295,,,,,,,,
GII1367,CTTAGCCCAT,Olfr620,,,,,,,,
GII1368,AACTCCTCGA,Olfr958,,,,,,,,
GII1369,GAATCGTCAC,Olfr1042,,,,,,,,
GII1370,CCAGAATAGG,Olfr716,,,,,,,,
GII1371,CACTACACAG,Olfr362,,,,,,,,
GII1372,AACACCCGTA,Olfr1206,,,,,,,,
GII1373,AGACCCGTAA,Olfr1044,,,,,,,,
GII1374,CTCCATCTGT,Olfr164,,,,,,,,
GII1375,AGGTCAACGT,Olfr461,,,,,,,,
GII1376,GAGATGATCG,Olfr648,,,,,,,,
GII1377,CTGTTACGGA,Olfr1241,,,,,,,,
GII1378,ATCGAACCCA,Olfr1079,,,,,,,,
GII1379,CGACGTCAAA,Olfr1109,,,,,,,,
GII1380,CAGATGGGTT,Olfr821,,,,,,,,
GII1381,ACATCTGAGG,Olfr777,,,,,,,,
GII1382,GAAGGATCGT,Olfr339,,,,,,,,
GII1383,TTACACCTGG,Olfr39,,,,,,,,
GII1384,CCTTCAGGTA,Olfr330,,,,,,,,
GII1385,GGGTTTATCC,Olfr622,,,,,,,,
GII1386,GTACGCATGA,Olfr1209,,,,,,,,
GII1387,GTCCAGTTCT,Olfr591,,,,,,,,
GII1388,GAATAGACGG,Olfr292,,,,,,,,
GII1389,ACAGAACGTC,Olfr358,,,,,,,,
GII1390,AACGAAGCTG,Olfr348,,,,,,,,
GII1391,GGACATGTAG,Olfr736,,,,,,,,
GII1392,CTGCAGTATG,Olfr592,,,,,,,,
GII1393,AGCTATTGGG,Olfr1182,,,,,,,,
GII1394,AATGGGTCCT,Olfr918,,,,,,,,
GII1395,CGTTAAGGGT,Olfr867,,,,,,,,
GII1396,CAGCAATCAC,Olfr1434,,,,,,,,
GII1397,GAAGTGCAGA,Olfr1404,,,,,,,,
GII1398,TAGTGGGATC,Olfr209,,,,,,,,
GII1399,AGGTACGGAA,Olfr459,,,,,,,,
GII1400,TACCCAGTAG,Olfr139,,,,,,,,
GII1401,GATCAGCAAC,Olfr1047,,,,,,,,
GII1402,GCTCGTATTC,Olfr293,,,,,,,,
GII1403,GCTATGCTAG,Olfr1243,,,,,,,,
GII1404,CAGTCAAGAC,Olfr1513,,,,,,,,
GII1405,AGACCGTACT,Olfr76,,,,,,,,
GII1406,GGTCACATGT,Olfr1031,,,,,,,,
GII1407,TTCACCCTGA,Olfr1280,,,,,,,,
GII1408,TAGTAGCTGG,Olfr651,,,,,,,,
GII1409,AGCCTTACCT,Olfr509,,,,,,,,
GII1410,ACAGGTCTGT,Olfr544,,,,,,,,
GII1411,CTTGTATCCC,Olfr342,,,,,,,,
GII1412,CAACCGACTA,Olfr132,,,,,,,,
GII1413,GCAAGCAATG,Olfr1156,,,,,,,,
GII1414,TGGGCTAATC,Olfr297,,,,,,,,
GII1415,GAAGCTAGAC,Olfr934,,,,,,,,
GII1416,GCTTCCTAAC,Olfr681,,,,,,,,
GII1417,GTTTGCTCAG,Olfr705,,,,,,,,
GII1418,AGGAACTGCT,Olfr677,,,,,,,,
GII1419,ACCTCACGAT,Olfr1090,,,,,,,,
GII1420,AACGTCACCA,Olfr109,,,,,,,,
GII1421,TGAGTAGGTC,Olfr1196,,,,,,,,
GII1422,TACCGCATTG,Olfr303,,,,,,,,
GII1423,GCCCATCATT,Olfr1391,,,,,,,,
GII1424,CACATGCACA,Olfr1065,,,,,,,,
GII1425,AAACAGCCTC,Olfr561,,,,,,,,
GII1426,GAGTTACGAG,Olfr483,,,,,,,,
GII1427,CCGAAATCGA,Olfr735,,,,,,,,
GII1428,AACTGCTGAG,Olfr1251,,,,,,,,
GII1429,AACCCGAATC,Olfr1234,,,,,,,,
GII1430,AGAAGAACGC,Olfr1197,,,,,,,,
GII1431,GCAGATGAAC,Olfr1123,,,,,,,,
GII1432,CGGCTAAGAA,Olfr937,,,,,,,,
GII1433,AGGAGCAATC,Olfr5,,,,,,,,
GII1434,TTACGTCCAC,Olfr1020,,,,,,,,
GII1435,TGCTTGTGCT,Olfr801,,,,,,,,
GII1436,GGTCTTCTGA,Olfr328,,,,,,,,
GII1437,AATGCGTGTC,Olfr1216,,,,,,,,
GII1438,CAATCAGCGA,Olfr481,,,,,,,,
GII1439,GACTTGGATG,Olfr181,,,,,,,,
GII1440,ATACTGCGGT,Olfr417,,,,,,,,
GII1441,ATGAAGAGCG,Olfr1466,,,,,,,,
GII1442,ACAGTGCAAG,Olfr644,,,,,,,,
GII1443,GCGAATATGG,Olfr324,,,,,,,,
GII1444,AGTCACAGCA,Olfr44,,,,,,,,
GII1445,TGACACCACA,Olfr1419,,,,,,,,
GII1446,CATGTCGCTA,Olfr1184,,,,,,,,
GII1447,TCCGATTGTG,Olfr877,,,,,,,,
GII1448,AGCAAGCGAT,Olfr577,,,,,,,,
GII1449,TTAGCCAACC,Olfr575,,,,,,,,
GII1450,ACACACCATG,Olfr585,,,,,,,,
GII1451,CAGTCTCCTT,Olfr466,,,,,,,,
GII1452,CAGAAACCTG,Olfr123,,,,,,,,
GII1453,TAACGCACCA,Olfr305,,,,,,,,
GII1454,ACGTGCTATG,Olfr420,,,,,,,,
GII1455,GCGAGTACTT,Olfr810,,,,,,,,
GII1456,AAGCCTACAC,Olfr847,,,,,,,,
GII1457,CAACGGTTCT,Olfr228,,,,,,,,
GII1458,CAGGTTGTCT,Olfr695,,,,,,,,
GII1459,GCACTATCCT,Olfr1387,,,,,,,,
GII1460,GTGACTGGTA,Olfr1054,,,,,,,,
GII1461,CAGAATGAGC,Olfr642,,,,,,,,
GII1462,GATTCGCTTG,Olfr1154,,,,,,,,
GII1463,CTTGGAATGC,Olfr1199,,,,,,,,
GII1464,GGTCAGTTTG,Olfr874,,,,,,,,
GII1465,AAAGGCGTCA,Olfr910,,,,,,,,
GII1466,AACAGAGTCG,Olfr1122,,,,,,,,
GII1467,ACTGCAAACG,Olfr654,,,,,,,,
GII1468,AACCCGTCAT,Olfr429,,,,,,,,
GII1469,GACACAGCAT,Olfr623,,,,,,,,
GII1470,CAGTCGAACA,Olfr54,,,,,,,,
GII1471,ATTTCCCGCA,Olfr601,,,,,,,,
GII1472,CACCTAAGTG,Olfr878,,,,,,,,
GII1473,CGATGAGGAA,Olfr272,,,,,,,,
GII1474,ACATTGGCAC,Olfr1501,,,,,,,,
GII1475,CGATGTTGTG,Olfr146,,,,,,,,
GII1476,ATGGTACTCG,Olfr769,,,,,,,,
GII1477,GGACAGTAGA,Olfr1350,,,,,,,,
GII1478,CGATACATCC,Olfr656,,,,,,,,
GII1479,CTTGATCGCT,Olfr491,,,,,,,,
GII1480,ACGACTGTTC,Olfr380,,,,,,,,
GII1481,TTTGGGCTCA,Olfr870,,,,,,,,
GII1482,CACTCAAAGG,Olfr430,,,,,,,,
GII1483,CTGAGAAAGG,Olfr115,,,,,,,,
GII1484,AAGTCGGTGT,Olfr1447,,,,,,,,
GII1485,CTGATGCTCT,Olfr845,,,,,,,,
GII1486,TACGGACTGT,Olfr974,,,,,,,,
GII1487,TGCGCTTTAG,Olfr982,,,,,,,,
GII1488,CTACTTCCGA,Olfr1500,,,,,,,,
GII1489,GTAAACACGC,Olfr1189,,,,,,,,
GII1490,CGGTGGTTAA,Olfr398,,,,,,,,
GII1491,CTCGTCACAT,Olfr1259,,,,,,,,
GII1492,CACAAACGCT,Olfr693,,,,,,,,
GII1493,GAAACTGGGT,Olfr545,,,,,,,,
GII1494,CATGTGCTTC,Olfr374,,,,,,,,
GII1495,GATCGTAGAG,Olfr299,,,,,,,,
GII1496,GGTGTGTCTA,Olfr1016,,,,,,,,
GII1497,GGGACGAATA,Olfr346,,,,,,,,
GII1498,GAGCACCATA,Olfr692,,,,,,,,
GII1499,CCAAGGAACT,Olfr1039,,,,,,,,
GII1500,CTTCGTCGTA,Olfr397,,,,,,,,
GII1501,CGAGTATCGA,Olfr1490,,,,,,,,
GII1502,CATCAGAGCT,Olfr675,,,,,,,,
GII1503,AAATCAGGCC,Olfr218,,,,,,,,
GII1504,GGGATCAAGT,Olfr1277,,,,,,,,
GII1505,AGTGTCATCG,Olfr295,,,,,,,,
GII1506,CATTGACGTG,Olfr12,,,,,,,,
GII1507,TCCGGAAGAT,Olfr180,,,,,,,,
GII1508,GCAACAGATC,Olfr1261,,,,,,,,
GII1509,ACCGCTCATA,Olfr1026,,,,,,,,
GII1510,GCTTTCCTCA,Olfr916,,,,,,,,
GII1511,ACGGCTAGAA,Olfr173,,,,,,,,
GII1512,GCCGGATATT,Olfr353,,,,,,,,
GII1513,AGATCGCATG,Olfr1454,,,,,,,,
GII1514,CCGACCTATA,Olfr935,,,,,,,,
GII1515,ACATGCTTGC,Olfr933,,,,,,,,
GII1516,TGCTCGCAAT,Olfr744,,,,,,,,
GII1517,GACACGATGA,Olfr1512,,,,,,,,
GII1518,CGATTCGAAC,Olfr1246,,,,,,,,
GII1519,TTGGTCCACA,Olfr608,,,,,,,,
GII1520,AACACTGACC,Olfr319,,,,,,,,
GII1521,CCTAATTGCG,Olfr869,,,,,,,,
GII1522,ACCCGTAAAC,Olfr298,,,,,,,,
GII1523,GATGCTCCTA,Olfr569,,,,,,,,
GII1524,CGTGTCCAAT,Olfr895,,,,,,,,
GII1525,CCATACTCTG,Olfr1510,,,,,,,,
GII1526,GGGTAATGAC,Olfr1450,,,,,,,,
GII1527,AAACACGTGC,Olfr1048,,,,,,,,
GII1528,CAGGGTACAT,Olfr961,,,,,,,,
GII1529,CATAAGGCAC,Olfr525,,,,,,,,
GII1530,CAACACTCGA,Olfr155,,,,,,,,
GII1531,CAGCTGCTAA,Olfr1232,,,,,,,,
GII1532,CTACATAGCC,Olfr23,,,,,,,,
GII1533,CCTGAGATGT,Olfr510,,,,,,,,
GII1534,CCTATCGATC,Olfr1167,,,,,,,,
GII1535,GGCATACGAA,Olfr291,,,,,,,,
GII1536,CAGACTTTCC,Olfr1461,,,,,,,,
GII1537,GTGTCGAAGT,Olfr1414,,,,,,,,
GII1538,GCTGATGGTA,Olfr338,,,,,,,,
GII1539,AACAGACCTC,Olfr732,,,,,,,,
GII1540,GAGTGCTTGA,Olfr1180,,,,,,,,
GII1541,CATGCTAGCA,Olfr706,,,,,,,,
GII1542,CGTGCAACAT,Olfr813,,,,,,,,
GII1543,TGGCAGTTGT,Olfr875,,,,,,,,
GII1544,TCCGTATTGG,Olfr668,,,,,,,,
GII1545,AAGCAGGTAG,Olfr141,,,,,,,,
GII1546,GAGAGTAGCA,Olfr670,,,,,,,,
GII1547,GTACCCAAAG,Olfr1173,,,,,,,,
GII1548,TTACCAGTCC,Olfr667,,,,,,,,
GII1549,TAACGGGCAT,Olfr435,,,,,,,,
GII1550,ACGTCAGACT,Olfr1265,,,,,,,,
GII1551,TCACCTAGTC,Olfr351,,,,,,,,
GII1552,CTATGCCTCT,Olfr273,,,,,,,,
GII1553,AACCATAGCG,Olfr116,,,,,,,,
GII1554,GGATTCCACT,Olfr924,,,,,,,,
GII1555,CAGCTCTGTA,Olfr1353,,,,,,,,
GII1556,TAATCCCTGC,Olfr553,,,,,,,,
GII1557,AACAGCTAGC,Olfr826,,,,,,,,
GII1558,GTAAGGCAAG,Olfr170,,,,,,,,
GII1559,CAACCTGTAC,Olfr94,,,,,,,,
GII1560,TGCAATGCTG,Olfr676,,,,,,,,
GII1561,CAACGCAGAT,Olfr771,,,,,,,,
GII1562,ACTGCTTCAC,Olfr684,,,,,,,,
GII1563,CCCTAGTCAT,Olfr986,,,,,,,,
GII1564,GCATGAATCG,Olfr539,,,,,,,,
GII1565,ATCTGAGCCT,Olfr843,,,,,,,,
GII1566,AGCCATGACA,Olfr631,,,,,,,,
GII1567,AGGTTCCTGT,Olfr433,,,,,,,,
GII1568,ACCCTGTTGT,Olfr659,,,,,,,,
GII1569,TCCGATCTGA,Olfr101,,,,,,,,
GII1570,CTTGACCTGA,Olfr130,,,,,,,,
GII1571,TAGAGCTGTG,Olfr652,,,,,,,,
GII1572,CGAAGCACTA,Olfr799,,,,,,,,
GII1573,GGATACCTTG,Olfr1215,,,,,,,,
GII1574,GCATAACACC,Olfr635,,,,,,,,
GII1575,CGGACAAACT,Olfr1339,,,,,,,,
GII1576,CCACGATACA,Olfr495,,,,,,,,
GII1577,ATGTGCAGGA,Olfr394,,,,,,,,
GII1578,CATGCACAGA,Olfr215,,,,,,,,
GII1579,GTCAGCTCTT,Olfr399,,,,,,,,
GII1580,TTGACGTGAG,Olfr893,,,,,,,,
GII1581,CTGCAATGCT,Olfr307,,,,,,,,
GII1582,AGAGGATACG,Olfr361,,,,,,,,
GII1583,AGTAGTTCCG,Olfr59,,,,,,,,
GII1584,ATACGACGCA,Olfr191,,,,,,,,
GII1585,CGAAGAGTTG,Olfr657,,,,,,,,
GII1586,CCCTTATGGT,Olfr1168,,,,,,,,
GII1587,AGGAGTGCTA,Olfr943,,,,,,,,
GII1588,TCTGCCCAAA,Olfr807,,,,,,,,
GII1589,GACCTCACTT,Olfr1055,,,,,,,,
GII1590,AGCGACATGA,Olfr1055,,,,,,,,
GII1591,ACACCATAGC,Olfr1055,,,,,,,,
GII1592,TGGTCACGTT,Olfr1298,,,,,,,,
GII1593,TGCCGTCTTA,Olfr1133,,,,,,,,
GII1594,CATAGTGGTC,Olfr1459,,,,,,,,
GII1595,TACAGAGGGA,Olfr967,,,,,,,,
GII1596,GGACTAACAG,Olfr1137,,,,,,,,
GII1597,TACGTCTCGT,Olfr1284,,,,,,,,
GII1598,AGGATGTCTG,Olfr270,,,,,,,,
GII1599,ATCGTCCAGT,Olfr412,,,,,,,,
GII1600,AAGCTCCAAC,Olfr1233,,,,,,,,
GII1601,CATAGGACGT,Olfr1489,,,,,,,,
GII1602,GAATGGCTGT,Olfr27,,,,,,,,
GII1603,GGTACAAGGA,Olfr968,,,,,,,,
GII1604,ACTGTGGTTG,Olfr171,,,,,,,,
GII1605,CACCAAACGT,Olfr202,,,,,,,,
GII1606,TCCCGATTTC,Olfr694,,,,,,,,
GII1607,GAGGCTAAGA,Olfr1446,,,,,,,,
GII1608,CGCTACTTGT,Olfr107,,,,,,,,
GII1609,GCTCTAGAAG,Olfr315,,,,,,,,
GII1610,ATGGCCTGAT,Olfr354,,,,,,,,
GII1611,GTCCTCCAAA,Olfr905,,,,,,,,
GII1612,GAGGTAACTC,Olfr1324,,,,,,,,
GII1613,TCAGGACAAC,Olfr617,,,,,,,,
GII1614,GTCATCGGAT,Olfr812,,,,,,,,
GII1615,CCAATAGGAC,Olfr1220,,,,,,,,
GII1616,ACTTACGTGG,Olfr432,,,,,,,,
GII1617,AGCAACAGTG,Olfr1231,,,,,,,,
GII1618,CTATGGGACA,Olfr671,,,,,,,,
GII1619,TCCTGGGTAT,Olfr1281,,,,,,,,
GII1620,GGGATATTGC,Olfr378,,,,,,,,
GII1621,GTCACAAGCT,Olfr318,,,,,,,,
GII1622,ACCTAATCGC,Olfr376,,,,,,,,
GII1623,TCGAACCGAA,Olfr376,,,,,,,,
GII1624,CAATTGGGAG,Olfr1036,,,,,,,,
GII1625,CACTGACCAT,Olfr1310,,,,,,,,
GII1626,GCATTTGGCA,Olfr1100,,,,,,,,
GII1627,GGTAACCCTA,Olfr1278,,,,,,,,
GII1628,AAGGCGTAAG,Olfr204,,,,,,,,
GII1629,TGCACGTATC,Olfr556,,,,,,,,
GII1630,GTGAAACCCT,Olfr1102,,,,,,,,
GII1631,TACCATGGAC,Olfr702,,,,,,,,
GII1632,ACCGACCTTT,Olfr473,,,,,,,,
GII1633,ATGGGAGACA,Olfr61,,,,,,,,
GII1634,ACATGGCTCA,Olfr301,,,,,,,,
GII1635,CGTATCTCCA,Olfr983,,,,,,,,
GII1636,ATTGCGATCC,Olfr117,,,,,,,,
GII1637,GCTCGTTCAA,Olfr1469,,,,,,,,
GII1638,TAGGGAACGA,Olfr33,,,,,,,,
GII1639,CATCCTATGG,Olfr1451,,,,,,,,
GII1640,ACTGACACCT,Olfr1444,,,,,,,,
GII1641,GCCAGTAAGA,Olfr177,,,,,,,,
GII1642,ACGAGGGAAT,Olfr738,,,,,,,,
GII1643,TGATTCACGC,Olfr1356,,,,,,,,
GII1644,CAATGATGGC,Olfr1338,,,,,,,,
GII1645,AGAATTGGCC,Olfr143,,,,,,,,
GII1646,GACATCTTCC,Olfr645,,,,,,,,
GII1647,GAGTAGCCAT,Olfr1331,,,,,,,,
GII1648,CTCCGATAGT,Olfr1132,,,,,,,,
GII1649,AACGAATGCC,Olfr201,,,,,,,,
GII1650,TAAGTGCTCG,Olfr859,,,,,,,,
GII1651,ATGTAGTCGG,Olfr975,,,,,,,,
GII1652,GCCAAATGCA,Olfr1341,,,,,,,,
GII1653,GCGGTTAATG,Olfr646,,,,,,,,
GII1654,AAGTGCCACA,Olfr834,,,,,,,,
GII1655,AAAGGGATGC,Olfr828,,,,,,,,
GII1656,AAGACCATGC,Olfr1118,,,,,,,,
GII1657,CTCTTTCCAG,Olfr1424,,,,,,,,
GII1658,ACAGCCTCTT,Olfr1120,,,,,,,,
GII1659,TCTAAACCCG,Olfr1312,,,,,,,,
GII1660,CAAATGACCC,Olfr1002,,,,,,,,
GII1661,AACAGGAGCT,Olfr818,,,,,,,,
GII1662,CATAGCGACT,Olfr508,,,,,,,,
GII1663,AACACATGGG,Olfr825,,,,,,,,
GII1664,CCGTAATTCC,Olfr1383,,,,,,,,
GII1665,GCTGTCTGAA,Olfr1388,,,,,,,,
GII1666,CCCAGATTAG,Olfr484,,,,,,,,
GII1667,AGAAGTCAGG,Olfr50,,,,,,,,
GII1668,ATTCCATGCG,Olfr816,,,,,,,,
GII1669,TTCACACGAC,Olfr68,,,,,,,,
GII1670,TAGGCATAGC,Olfr960,,,,,,,,
GII1671,GAACCACTGA,Olfr1170,,,,,,,,
GII1672,TGCACCTGAT,Olfr666,,,,,,,,
GII1673,AATAGCGCGA,Olfr988,,,,,,,,
GII1674,CTGAGTCACA,Olfr441,,,,,,,,
GII1675,TTTAGGGCAG,Olfr1225,,,,,,,,
GII1676,GTTTACAGCC,Olfr1275,,,,,,,,
GII1677,TTTCCACCGA,Olfr1311,,,,,,,,
GII1678,ACGAGAAGGT,Olfr410,,,,,,,,
GII1679,TCTCGCGATT,Olfr444,,,,,,,,
GII1680,GAAAGGTCTG,Olfr13,,,,,,,,
GII1681,GCCTACAGTA,Olfr1032,,,,,,,,
GII1682,TTAGAGGCTG,Olfr1410,,,,,,,,
GII1683,GCCACTATAC,Olfr1288,,,,,,,,
GII1684,TCACTCTGGA,Olfr1105,,,,,,,,
GII1685,GATCAACCCA,Olfr1367,,,,,,,,
GII1686,GGTTTCAGTG,Olfr452,,,,,,,,
GII1687,ACGCGTTGTT,Olfr366,,,,,,,,
GII1688,TCACTCACTG,Olfr137,,,,,,,,
GII1689,AGCGAGTATG,Olfr518,,,,,,,,
GII1690,GCGAAGTAGT,Olfr734,,,,,,,,
GII1691,GTAGCTCTTC,Olfr1126,,,,,,,,
GII1692,GTTGGGAAAC,Olfr69,,,,,,,,
GII1693,AAATGACCGG,Olfr815,,,,,,,,
GII1694,CTATTCTGGG,Olfr1024,,,,,,,,
GII1695,AGGACAGATG,Olfr1166,,,,,,,,
GII1696,ACGAAGCTTG,Olfr739,,,,,,,,
GII1697,TGTCTTGCCA,Olfr750,,,,,,,,
GII1698,CAACAAGGTC,Olfr447,,,,,,,,
GII1699,TCTGAGCGTT,Olfr148,,,,,,,,
GII1700,CCAAGTACAC,Olfr45,,,,,,,,
GII1701,TCGGAAACAG,Olfr134,,,,,,,,
GII1702,CATTACGGCA,Olfr1107,,,,,,,,
GII1703,GCGACATTTG,Olfr406,,,,,,,,
GII1704,AAGAGGTCAC,Olfr517,,,,,,,,
GII1705,TGGTTGAAGG,Olfr881,,,,,,,,
GII1706,TCGTATGTGC,Olfr854,,,,,,,,
GII1707,ATTCGCTTCC,Olfr872,,,,,,,,
GII1708,TGTGGAGACT,Olfr1402,,,,,,,,
GII1709,ATTCTGGTGC,Olfr1309,,,,,,,,
GII1710,TCCTCTGATC,Olfr323,,,,,,,,
GII1711,ACCACAGTGA,Olfr776,,,,,,,,
GII1712,GTATGTGTCC,Olfr1250,,,,,,,,
GII1713,CCAGTCATTC,Olfr555,,,,,,,,
GII1714,GGATCAGAAG,Olfr679,,,,,,,,
GII1715,CACCAATTCG,Olfr914,,,,,,,,
GII1716,ACACTAGCGA,Olfr853,,,,,,,,
GII1717,GAGCTCTACT,Olfr1179,,,,,,,,
GII1718,TGGAGAACTG,Olfr1160,,,,,,,,
GII1719,GCCTGACTAA,Olfr357,,,,,,,,
GII1720,AGTCGGGAAA,Olfr987,,,,,,,,
GII1721,CCAATCTGCT,Olfr857,,,,,,,,
GII1722,GGGCGTTTAT,Olfr887,,,,,,,,
GII1723,GCTGTTCCAT,Olfr1425,,,,,,,,
GII1724,GAAATGCGCT,Olfr371,,,,,,,,
GII1725,ATGTCGGCTA,Olfr837,,,,,,,,
GII1726,CTAAGGGCTT,Olfr554,,,,,,,,
GII1727,TCAAAGGGCA,Olfr976,,,,,,,,
GII1728,CGGAAAGGTA,Olfr829,,,,,,,,
GII1729,CATAAGCTCG,Olfr462,,,,,,,,
GII1730,CCAATCCTGA,Olfr1415,,,,,,,,
GII1731,TACTCGCTCA,Olfr768,,,,,,,,
GII1732,AAACCCTGAC,Olfr457,,,,,,,,
GII1733,TACAACGCCA,Olfr860,,,,,,,,
GII1734,CGACATCTTC,Olfr630,,,,,,,,
GII1735,GTGGCATCTT,Olfr1116,,,,,,,,
GII1736,CTGCTGATTC,Olfr1151,,,,,,,,
GII1737,TCTGAAGCGT,Olfr725,,,,,,,,
GII1738,CGACCATCTT,Olfr1161,,,,,,,,
GII1739,TGAAACGAGC,Olfr724,,,,,,,,
GII1740,TTACGTGGTG,Olfr381,,,,,,,,
GII1741,GAACCATACG,Olfr91,,,,,,,,
GII1742,GAAACCTCCT,Olfr1471,,,,,,,,
GII1743,TGCGAATGGA,Olfr453,,,,,,,,
GII1744,GTGGTGCAAT,Olfr1377,,,,,,,,
GII1745,CAGCTTACCA,Olfr1269,,,,,,,,
GII1746,ACCCGAATCA,Olfr641,,,,,,,,
GII1747,ACTCAAAGGG,Olfr356,,,,,,,,
GII1748,CACACAGTTC,Olfr1417,,,,,,,,
GII1749,CCTAGGCAAA,Olfr1153,,,,,,,,
GII1750,TGTCAGGATC,Olfr862,,,,,,,,
GII1751,TCATGGTACG,Olfr530,,,,,,,,
GII1752,TGCCAGAGAA,Olfr1416,,,,,,,,
GII1753,AGCCGAAATG,Olfr11,,,,,,,,
GII1754,ACGTCTTTCG,Olfr469,,,,,,,,
GII1755,GTCCCAGATA,Olfr784,,,,,,,,
GII1756,AGGGAACCAT,Olfr153,,,,,,,,
GII1757,AACAGTACGG,Olfr790,,,,,,,,
GII1758,GGGTACAACA,Olfr66,,,,,,,,
GII1759,GGTTATGACC,Olfr487,,,,,,,,
GII1760,TGATGTCACC,Olfr1163,,,,,,,,
GII1761,ACACCAAGCT,Olfr1351,,,,,,,,
GII1762,ACTCTGCGTA,Olfr199,,,,,,,,
GII1763,AGAGACGACT,Olfr698,,,,,,,,
GII1764,TTATGCTCCC,Olfr463,,,,,,,,
GII1765,GGCTATGTGA,Olfr1307,,,,,,,,
GII1766,CAAGTCCGAA,Olfr480,,,,,,,,
GII1767,AACCGTCTCT,Olfr352,,,,,,,,
GII1768,GGACCAATTC,Olfr715,,,,,,,,
GII1769,TGGCGAAAGT,Olfr1058,,,,,,,,
GII1770,AACAAGGGTC,Olfr836,,,,,,,,
GII1771,ATGAGTACCC,Olfr1286,,,,,,,,
GII1772,AGAAGCGTGT,Olfr1283,,,,,,,,
GII1773,AGGGTTGAAC,Olfr282,,,,,,,,
GII1774,GCCAAGGTAA,Olfr1028,,,,,,,,
GII1775,CATTCTCACG,Olfr547,,,,,,,,
GII1776,AGGTCCAAAG,Olfr341,,,,,,,,
GII1777,ACAACTCGAC,Olfr223,,,,,,,,
GII1778,AGTTTGTGGC,Olfr178,,,,,,,,
GII1779,GCAACAACGT,Olfr521,,,,,,,,
GII1780,CACCATGCTA,Olfr624,,,,,,,,
GII1781,ATCAGGCTGT,Olfr344,,,,,,,,
GII1782,CGTTTGCGAA,Olfr767,,,,,,,,
GII1783,CAAGACGTAG,Olfr1393,,,,,,,,
GII1784,GCCTTCATAG,Olfr259,,,,,,,,
GII1785,ACCGTTTGCT,Olfr780,,,,,,,,
GII1786,GGTTACTGGA,Olfr888,,,,,,,,
GII1787,TTTATCGCCC,Olfr112,,,,,,,,
GII1788,GTCTGAAGAC,Olfr638,,,,,,,,
GII1789,TTTAGACGGG,Olfr629,,,,,,,,
GII1790,TGGTGTAGAG,Olfr971,,,,,,,,
GII1791,AGCCCAGTTT,Olfr317,,,,,,,,
GII1792,CCGCTTGAAT,Olfr156,,,,,,,,
GII1793,ACTTTGACCG,Olfr56,,,,,,,,
GII1794,TTACCAAGGG,Olfr25,,,,,,,,
GII1795,TCCAGGTGAA,Olfr1057,,,,,,,,
GII1796,CAGGGATTTC,Olfr266,,,,,,,,
GII1797,GGAGCTTTGT,Olfr1418,,,,,,,,
GII1798,CATGACTTCC,Olfr127,,,,,,,,
GII1799,TAAACCCACG,Olfr1202,,,,,,,,
GII1800,AAATCCGCAG,Olfr8,,,,,,,,
GII1801,GGCGTTGATA,Olfr149,,,,,,,,
GII1802,AATACGCGGT,Olfr478,,,,,,,,
GII1803,TCGTCCTCAT,Olfr1098,,,,,,,,
GII1804,AAACGGGATG,Olfr747,,,,,,,,
GII1805,ACGGGATTCT,Olfr945,,,,,,,,
GII1806,TCACATTCGC,Olfr748,,,,,,,,
GII1807,ACACTTGGAG,Olfr128,,,,,,,,
GII1808,ATAGTTGCGG,Olfr1131,,,,,,,,
GII1809,CCTTAAGCAG,Olfr90,,,,,,,,
GII1810,CATCGCCTTT,Olfr450,,,,,,,,
GII1811,AAGGAGCTCT,Olfr1086,,,,,,,,
GII1812,TCGAGATACC,Olfr907,,,,,,,,
GII1813,AGCACTACTC,Olfr913,,,,,,,,
GII1814,ATACACACCG,Olfr954,,,,,,,,
GII1815,TTGTTGAGCC,Olfr1148,,,,,,,,
GII1816,CGTCAGTCAA,Olfr1449,,,,,,,,
GII1817,ACACAGTTCC,Olfr919,,,,,,,,
GII1818,TAGAGGCACT,Olfr564,,,,,,,,
GII1819,AAGCACAGTC,Olfr559,,,,,,,,
GII1820,AGCACTCTCA,Olfr713,,,,,,,,
GII1821,CAACATCCAG,Olfr203,,,,,,,,
GII1822,GCGTTCGAAA,Olfr1152,,,,,,,,
GII1823,CCAGAACTCA,Olfr1138,,,,,,,,
GII1824,GGTCTATGGT,Olfr770,,,,,,,,
GII1825,CCTTTCACGA,Olfr802,,,,,,,,
GII1826,CAAGTAGAGC,Olfr774,,,,,,,,
GII1827,CCGTTGAGTA,Olfr402,,,,,,,,
GII1828,CGGATCGTAT,Olfr551,,,,,,,,
GII1829,CGAAACAGGT,Olfr714,,,,,,,,
GII1830,AGGGAAATCC,Olfr498,,,,,,,,
GII1831,ATGTGGTGCT,Olfr1214,,,,,,,,
GII1832,GGGAAACATC,Olfr1313,,,,,,,,
GII1833,GATCCCACAA,Olfr1474,,,,,,,,
GII1834,CTGCTCTTGT,Olfr290,,,,,,,,
GII1835,ACAACCCAGT,Olfr251,,,,,,,,
GII1836,GATTACGCGT,Olfr1029,,,,,,,,
GII1837,TTGAATGGCC,Olfr593,,,,,,,,
GII1838,CGAAAGTCTC,Olfr284,,,,,,,,
GII1839,CAGTGGTAGT,Olfr1082,,,,,,,,
GII1840,ACCACGTGTT,Olfr304,,,,,,,,
GII1841,TTAAGCGTCG,Olfr980,,,,,,,,
GII1842,AGAGACTCAC,Olfr979,,,,,,,,
GII1843,ATCGCGACTT,Olfr1023,,,,,,,,
GII1844,ACGCTTCAGA,Olfr781,,,,,,,,
GII1845,GGACTTTCTC,Olfr901,,,,,,,,
GII1846,TACGAACGAG,Olfr1394,,,,,,,,
GII1847,CCATTTCAGC,Olfr103,,,,,,,,
GII1848,GTCAAAGCGA,Olfr1121,,,,,,,,
GII1849,CACAGTCTGA,Olfr560,,,,,,,,
GII1850,ACACGACCTT,Olfr1289,,,,,,,,
GII1851,TCGCGTAACA,Olfr1186,,,,,,,,
GII1852,AGGCGACTAA,Olfr930,,,,,,,,
GII1853,TCTGGTAAGC,Olfr814,,,,,,,,
GII1854,GAGTGAAACC,Olfr800,,,,,,,,
GII1855,TTTGGTGCGA,Olfr113,,,,,,,,
GII1856,AGCCTCTGAA,Olfr846,,,,,,,,
GII1857,TCGGTAGCTA,Olfr372,,,,,,,,
GII1858,TAACAAGCGG,Olfr373,,,,,,,,
GII1859,CACGAGTAGA,Olfr938,,,,,,,,
GII1860,CAAGCAAGGT,Olfr1062,,,,,,,,
GII1861,GGTTCACAGT,Olfr275,,,,,,,,
GII1862,AGGCATCAAG,Olfr1223,,,,,,,,
GII1863,GAGTCATGGT,Olfr710,,,,,,,,
GII1864,GGCTAGAAAG,Olfr313,,,,,,,,
GII1865,GAACGTCGTT,Olfr98,,,,,,,,
GII1866,TCGTCACTAG,Olfr196,,,,,,,,
GII1867,CCTCACATAG,Olfr58,,,,,,,,
GII1868,AAACGAGGGT,Olfr97,,,,,,,,
GII1869,AACCTCAAGG,Olfr1101,,,,,,,,
GII1870,CCCAAAGCTT,Olfr1218,,,,,,,,
GII1871,CCTCGTTATG,Olfr347,,,,,,,,
GII1872,GCACACCTAA,Olfr1303,,,,,,,,
GII1873,CTCCTAGCAA,Olfr822,,,,,,,,
GII1874,GACATGTGAG,Olfr154,,,,,,,,
GII1875,TGACTACAGG,Olfr809,,,,,,,,
GII1876,CGCATAACAC,Olfr1335,,,,,,,,
GII1877,ACCAATCCAG,Olfr198,,,,,,,,
GII1878,ACGATAGCAG,Olfr707,,,,,,,,
GII1879,CGGATACAAG,Olfr1467,,,,,,,,
GII1880,GACTCACAAC,Olfr902,,,,,,,,
GII1881,TTCTACGGGA,Olfr1255,,,,,,,,
GII1882,GTGTGTCGAT,Olfr1181,,,,,,,,
GII1883,ACATCGTGAG,Olfr978,,,,,,,,
GII1884,GAATATCGCG,Olfr382,,,,,,,,
GII1885,ACATTCGGGT,Olfr894,,,,,,,,
GII1886,ACCTCCATGT,Olfr996,,,,,,,,
GII1887,GAACTTCACC,Olfr998,,,,,,,,
GII1888,AGATCCACCA,Olfr490,,,,,,,,
GII1889,TGGTACCAAC,Olfr1487,,,,,,,,
GII1890,CGAATGGCAA,Olfr703,,,,,,,,
GII1891,GTACTGCTCA,Olfr1113,,,,,,,,
GII1892,AGGGTTCGTT,Olfr1051,,,,,,,,
GII1893,AAACTGTCGG,Olfr906,,,,,,,,
GII1894,ACAGGGTATC,Olfr516,,,,,,,,
GII1895,GGACAACTCT,Olfr1129,,,,,,,,
GII1896,CCGTTCCATT,Olfr1472,,,,,,,,
GII1897,TAGACTCCAG,Olfr1505,,,,,,,,
GII1898,AAAGCGGGAT,Olfr898,,,,,,,,
GII1899,TGTCCTCCAT,Olfr697,,,,,,,,
GII1900,ACCGATAAGG,Olfr1457,,,,,,,,
GII1901,GATGGCTGTT,Olfr157,,,,,,,,
GII1902,AGTAAGACCC,Olfr194,,,,,,,,
GII1903,AAAGGTGCAC,Olfr283,,,,,,,,
GII1904,ACTAGCCTAC,Olfr1279,,,,,,,,
GII1905,TGGATGCCAT,Olfr494,,,,,,,,
GII1906,AGTGGCCTTA,Olfr1333,,,,,,,,
GII1907,AAAGGCACTG,Olfr434,,,,,,,,
GII1908,GACTAGTTGC,Olfr1300-ps1,,,,,,,,
GII1909,CAATAGCCCA,Olfr1201,,,,,,,,
GII1910,ACCCACTAGA,Olfr765,,,,,,,,
GII1911,AAGACGTGCA,Olfr763,,,,,,,,
GII1912,GGGATTCTTG,Olfr538,,,,,,,,
GII1913,TGGCAATACG,Olfr9,,,,,,,,
GII1914,TAACCGCGAA,Olfr1359,,,,,,,,
GII1915,GTTCCTCACT,Olfr1499,,,,,,,,
GII1916,ACCCAAGATC,Olfr1445,,,,,,,,
GII1917,ACTCTCACAC,Olfr804,,,,,,,,
GII1918,GTTAGCCAGA,Olfr1378,,,,,,,,
GII1919,GGAATCGTCA,Olfr1115,,,,,,,,
GII1920,CACACTAGAG,Olfr311,,,,,,,,
GII1921,CCTACAGTCT,Olfr312,,,,,,,,
GII1922,CCTTCTACTG,Olfr803,,,,,,,,
GII1923,CTAGCAACCA,Olfr38,,,,,,,,
GII1924,CATCGTGTCA,Olfr1272,,,,,,,,
GII1925,GGAATGTACC,Olfr513,,,,,,,,
GII1926,GTAGCGAGTA,Olfr944,,,,,,,,
GII1927,GTCATACACG,Olfr851,,,,,,,,
GII1928,TACTCGACTG,Olfr1085,,,,,,,,
GII1929,AAAGCAGTGG,Olfr161,,,,,,,,
GII1930,ATGACCGAGA,Olfr1329,,,,,,,,
GII1931,CAGCAAGTGA,Olfr1130,,,,,,,,
GII1932,CTACCGATGT,Olfr497,,,,,,,,
GII1933,CGTGCATATG,Olfr1504,,,,,,,,
GII1934,CAGTCCGAAT,Olfr1480,,,,,,,,
GII1935,TGAGGGTCAA,Olfr589,,,,,,,,
GII1936,CTCAAGCCAA,Olfr1230,,,,,,,,
GII1937,GCGAATTCAC,Olfr885,,,,,,,,
GII1938,GTGCATGTTC,Olfr1089,,,,,,,,
GII1939,AAGGCACTAC,Olfr1380,,,,,,,,
GII1940,GCCCTCTTTA,Olfr772,,,,,,,,
GII1941,TAGCCTGAGT,Olfr871,,,,,,,,
GII1942,ACTGGACCAA,Olfr787,,,,,,,,
GII1943,CAACGCTATC,Olfr832,,,,,,,,
GII1944,ACAAGTAGCG,Olfr458,,,,,,,,
GII1945,ATCGTGGATC,Olfr519,,,,,,,,
GII1946,AGGGCATGTA,Olfr824,,,,,,,,
GII1947,CAAGCATCAG,Olfr520,,,,,,,,
GII1948,GACCACATCA,Olfr126,,,,,,,,
GII1949,TCTTAGTCCC,Olfr1245,,,,,,,,
GII1950,AGTCCAAGAC,Olfr1095,,,,,,,,
GII1951,TGAGCCAGAA,Olfr331,,,,,,,,
GII1952,TACTGTGCGT,Olfr1316,,,,,,,,
GII1953,TATTTGGCGG,Olfr492,,,,,,,,
GII1954,AAGGGTATCG,Olfr1249,,,,,,,,
GII1955,ACCATACGTG,Olfr74,,,,,,,,
GII1956,GCGCTAATAC,Olfr761,,,,,,,,
GII1957,TCTATGTGGG,Olfr611,,,,,,,,
GII1958,CACGGAAACT,Olfr1355,,,,,,,,
GII1959,AATCCCGTCT,Olfr51,,,,,,,,
GII1960,GAGCGACAAT,Olfr151,,,,,,,,
GII1961,CGCTACGATA,Olfr151,,,,,,,,
GII1962,CCATGAGTGT,Olfr151,,,,,,,,
GII1963,GCGGATTACA,Olfr151,,,,,,,,
GII1964,TGCATGTCGA,Olfr26,,,,,,,,
GII1965,GATAGATGCG,Olfr1390,,,,,,,,
GII1966,CACAGGAATG,Olfr92,,,,,,,,
GII1967,CCCGATACAA,Olfr262,,,,,,,,
GII1968,AAGCAGTAGC,Olfr866,,,,,,,,
GII1969,TGGTCTGACA,Olfr955,,,,,,,,
GII1970,AGGAATAGGC,Olfr993,,,,,,,,
GII1971,ACTTGACAGC,Olfr782,,,,,,,,
GII1972,CTGGTAGTAC,Olfr823,,,,,,,,
GII1973,TACATTCGCG,Olfr830,,,,,,,,
GII1974,GCTAAGACGA,Olfr700,,,,,,,,
GII1975,AAACGATCCC,Olfr159,,,,,,,,
GII1976,CGATCGAGTT,Olfr294,,,,,,,,
GII1977,TTCCTATGGC,Olfr225,,,,,,,,
GII1978,AAGTACTCCC,Olfr320,,,,,,,,
GII1979,AAGATGCAGG,Olfr1462,,,,,,,,
GII1980,TTACTGGACG,Olfr1049,,,,,,,,
GII1981,AGAACCTTCC,Olfr926,,,,,,,,
GII1982,CAAGACCCTT,Olfr172,,,,,,,,
GII1983,CCGATAGACA,Olfr917,,,,,,,,
GII1984,GTATGCGGTA,Olfr1381,,,,,,,,
GII1985,GAGCAGTGTT,Olfr10,,,,,,,,
GII1986,TGGTGATGCA,Olfr340,,,,,,,,
GII1987,AGCAAACTGG,Olfr1188,,,,,,,,
GII1988,ACAGGATGGA,Olfr1158,,,,,,,,
GII1989,CACCCATGAA,Olfr1360,,,,,,,,
GII1990,ATGCGAGTTG,Olfr746,,,,,,,,
GII1991,CGCAGAGAAT,Olfr605,,,,,,,,
GII1992,GGTCCTAATG,Olfr1084,,,,,,,,
GII1993,CCCTTTGTAC,Olfr108,,,,,,,,
GII1994,AGATCACCAC,Olfr688,,,,,,,,
GII1995,CTTGTGAGTG,Olfr1164,,,,,,,,
GII1996,GTAAGTCCGT,Olfr574,,,,,,,,
GII1997,TATGTGGGCT,Olfr1141,,,,,,,,
GII1998,GGTAGACGTT,Olfr512,,,,,,,,
GII1999,GACTCCGTAA,Olfr514,,,,,,,,
GII2000,TGGGTCTTGA,Olfr951,,,,,,,,
GII2001,ATAGGGCACT,Olfr952,,,,,,,,
GII2002,ACGACACCTA,Olfr1008,,,,,,,,
GII2003,CACTTCATGC,Olfr1061,,,,,,,,
GII2004,GAAGCCGTTT,Olfr1066,,,,,,,,
GII2005,ATTTCTGCCC,Olfr1502,,,,,,,,
GII2006,ATGGGTTTGC,Olfr1413,,,,,,,,
GII2007,GAGATTGGAC,Olfr192,,,,,,,,
GII2008,ACCCAGACTA,Olfr1145,,,,,,,,
GII2009,GTAACACCTG,Olfr192,,,,,,,,
GII2010,AAAGCACCCT,Olfr192,,,,,,,,
GII2011,TTTCAGAGGC,Olfr192,,,,,,,,
GII2012,CGTGATGCTT,Olfr197,,,,,,,,
GII2013,CAAGGTCTTG,Olfr197,,,,,,,,
GII2014,TACCAGCATG,Olfr197,,,,,,,,
GII2015,AATCTTCGGC,Olfr1010,,,,,,,,
GII2016,AACGCGGTTA,Olfr1010,,,,,,,,
GII2017,ATGGGAAGTC,Olfr1010,,,,,,,,
GII2018,CAGCGAATAG,Olfr1010,,,,,,,,
GII2019,AACGTCGGTT,Olfr1010,,,,,,,,
GII2020,ACAGGGACAT,Olfr310,,,,,,,,
GII2021,ACCATCAGGA,Olfr385,,,,,,,,
GII2022,CGAGGTATGA,Olfr395,,,,,,,,
GII2023,AAACCTGCCA,Olfr345,,,,,,,,
GII2024,CAGATCTCAG,Olfr1337,,,,,,,,
GII2025,ATAACGCCGA,Olfr456,,,,,,,,
GII2026,AACTGGGCAA,Olfr1371,,,,,,,,
GII2027,ACTACGCATC,Olfr1373,,,,,,,,
GII2028,ACGAATCACC,Olfr401,,,,,,,,
GII2029,TGCGAAGAAC,Olfr1248,,,,,,,,
GII2030,AGGAGGTAGA,Olfr1314,,,,,,,,
GII2031,ACAGTAGTCC,Olfr1282,,,,,,,,
GII2032,CGTTGACACA,Olfr1287,,,,,,,,
GII2033,GGCCTAAACA,Olfr583,,,,,,,,
GII2034,AGATGGAGAC,Olfr503,,,,,,,,
GII2035,TTCCTGACAC,Olfr504,,,,,,,,
GII2036,TGTACACCTC,Olfr663,,,,,,,,
GII2037,TGACCAGGAT,Olfr1441,,,,,,,,
GII2038,GGCAGAATGT,Olfr1040,,,,,,,,
GII2039,TACAGGTTGG,Olfr1436,,,,,,,,
GII2040,TACGGTCCAA,Olfr1453,,,,,,,,
GII2041,ATGGGCTCTA,Olfr1465,,,,,,,,
GII2042,CCTCATGAGA,Olfr1475,,,,,,,,
GII2043,GAGCCAATCT,Olfr1022,,,,,,,,
GII2044,CCTGTAAGCT,Olfr470,,,,,,,,
GII2045,TGAACTGCCT,Olfr474,,,,,,,,
GII2046,GTGTCTGTAG,Olfr486,,,,,,,,
GII2047,CACTATCGTC,Olfr507,,,,,,,,
GII2048,CTCGTACGTT,Olfr247,,,,,,,,
GII2049,CAGTTTAGGG,Olfr1128,,,,,,,,
GII2050,GTCTCTCAGA,Olfr1136,,,,,,,,
GII2051,TTAGGCACGT,Olfr427,,,,,,,,
GII2052,AAGCTGAGGA,Olfr850,,,,,,,,
GII2053,GGATTAGCGT,Olfr855,,,,,,,,
GII2054,AACAAGTCCG,Olfr883,,,,,,,,
GII2055,GACATCGAGA,Olfr1096-ps1,,,,,,,,
GII2056,GCAATCCAAC,Olfr1285,,,,,,,,
GII2057,CTTCGAACTG,Olfr936,,,,,,,,
GII2058,CACACTTCGT,Olfr279,,,,,,,,
GII2059,GCACAAGAGT,Olfr1537,,,,,,,,
GII2060,AAGCGGACTT,Olfr229,,,,,,,,
GII2061,TAGCCATCCA,Olfr947-ps1,,,,,,,,
GII2062,CTGGCAATTG,Olfr150,,,,,,,,
GII2063,CCAATTTCGG,Olfr1053,,,,,,,,
GII2064,ATTCAGGCCA,Olfr1077-ps1,,,,,,,,
GII2065,CAAAGCATGG,Olfr285,,,,,,,,
GII2066,ACCCTATACG,Olfr102,,,,,,,,
GII2067,AACGCCTACT,Olfr421-ps1,,,,,,,,
GII2068,GCAGTCAACA,Olfr421-ps1,,,,,,,,
GII2069,AATGGCTTGG,Olfr75-ps1,,,,,,,,
GII2070,ATAGCAGCTC,Olfr1273-ps,,,,,,,,
GII2071,AGCCTTCTAC,Olfr1038-ps,,,,,,,,
GII2072,AAGCTTGACG,Olfr1038-ps,,,,,,,,
GII2073,CCAAAGGATG,Olfr29-ps1,,,,,,,,
GII2074,TGGGAGCTAA,Olfr70,,,,,,,,
GII2075,GACAATACCC,Olfr20,,,,,,,,
GII2076,CCACTACTAG,Olfr455,,,,,,,,
GII2077,GCGTAAAGCT,Olfr287,,,,,,,,
GII2078,AAGCAAGCCT,Olfr286,,,,,,,,
GII2079,CACCGACATA,Olfr384,,,,,,,,
GII2080,AGCCAACGTA,Olfr391-ps,,,,,,,,
GII2081,TCTTATCGGG,Olfr1375,,,,,,,,
GII2082,ACTGTCGAGA,Olfr237-ps1,,,,,,,,
GII2083,AAAGCCCATC,Olfr1535,,,,,,,,
GII2084,CCAAAGCTAC,Olfr1532-ps1,,,,,,,,
GII2085,TAGTTCTGGC,Olfr1124,,,,,,,,
GII2086,CCCTAGATCA,Olfr329-ps,,,,,,,,
GII2087,TCGCACATGA,Olfr224,,,,,,,,
GII2088,CTGGTTCATC,Olfr263,,,,,,,,
GII2089,CGCATTCCTT,Olfr322,,,,,,,,
GII2090,CCCGTACAAA,Olfr1253,,,,,,,,
GII2091,ATCAGCAACG,Olfr1358,,,,,,,,
GII2092,GAGGTATGCA,Olfr1205,,,,,,,,
GII2093,ACGTACAAGC,Olfr1274-ps,,,,,,,,
GII2094,TCTCACGCAA,Olfr1506,,,,,,,,
GII2095,CGCAGTTCAA,Olfr612,,,,,,,,
GII2096,CGCGTGTTAT,Olfr613,,,,,,,,
GII2097,AAGGTGCCTA,Olfr243,,,,,,,,
GII2098,GACTTAACCG,Olfr607,,,,,,,,
GII2099,AGCTATGCAC,Olfr596,,,,,,,,
GII2100,CCCTGCAAAT,Olfr603,,,,,,,,
GII2101,GGCAACGTTT,Olfr418,,,,,,,,
GII2102,GCAGACTTCT,Olfr235,,,,,,,,
GII2103,CGTGCTGTAA,Olfr221,,,,,,,,
GII2104,CCTCTGACTT,Olfr1432,,,,,,,,
GII2105,AGACTGAAGC,Olfr175-ps1,,,,,,,,
GII2106,CTCACTCATG,Olfr471,,,,,,,,
GII2107,GTCTTACTGC,Olfr819,,,,,,,,
GII2108,AGTGGAGTAC,Olfr773,,,,,,,,
GII2109,GTGATCGATG,Olfr775,,,,,,,,
GII2110,ACGTTCTGCA,Olfr785,,,,,,,,
GII2111,TGAGCACTTG,Olfr789,,,,,,,,
GII2112,GAACTGGGTA,Olfr231,,,,,,,,
GII2113,GTAAGGACCA,Olfr220,,,,,,,,
GII2114,CCCTGGTATA,Olfr248,,,,,,,,
GII2115,CGTCTGAAAG,Olfr743,,,,,,,,
GII2116,CCTAAGAGTC,Olfr1354,,,,,,,,
GII2117,GAGCATACTG,Olfr367-ps,,,,,,,,
GII2118,TGACGCAAAC,Olfr856-ps1,,,,,,,,
GII2119,GGCTTGCTTA,Olfr844,,,,,,,,
GII2120,ACTCGGTTAG,Olfr911-ps1,,,,,,,,
