GII1,CGCATAACAC,Chl1
GII2,CCCTTTGTAC,Lrrc4b
GII3,ACAAACTGGG,Tmem25
GII4,ATGGGCTCTA,Igsf9b
GII5,ACCGTTTGCT,Pcdh17
GII6,ACAAACGCTC,Adam23
GII7,CGTAAAGACG,Adamts6
GII8,GAGCGACAAT,Slitrk3
GII9,GGGTTTATCC,Sdc2
GII10,CCGTAATTCC,Nfasc
GII11,CAATTGGGAG,Slitrk5
GII12,GAGTGAAACC,Lrrc8c
GII13,CTCAACGAAG,Adam17
GII14,CGTACGTTGT,Cdh20
GII15,CCGAACACAT,Cdh18
GII16,TGAACTGCCT,Lrrtm2
GII17,GACTAGTTGC,Sdk2
GII18,ACCTCCATGT,Tenm3
GII19,GCACAAGAGT,Adamts17
GII20,CCGAGTTTGT,Nlgn3
GII21,AGAGCTAGTG,Pcdh1
GII22,CCCAAAGCTT,Cntn4
GII23,TCTGGTAAGC,Cntnap1
GII24,GGCTTGCTTA,Efna2
GII25,CTTGTATCCC,Adam22
GII26,GGGAAACATC,Pcdh20
GII27,CCATGAGTGT,Cd34
GII28,CAAGACGTAG,Cd34
GII29,TCAGTGACGA,Efnb1
GII30,CGCTAATCCA,Efnb1
GII31,GGGATATTGC,Nrcam
GII32,GCCGAATTAC,Nrcam
GII33,CACACTAGAG,Nrcam
GII34,CCGATTCCAA,Nrcam
GII35,CCGATTCCAA,Adam19
GII36,TAACAAGCGG,Clstn3
GII37,CAGCAATCAC,Clstn3
GII38,CAGCAATCAC,Nlgn2
GII39,TACCCAGTAG,Nlgn2
GII40,GTCTTACTGC,Tnr
GII41,ACGTTCTGCA,L1cam
GII42,CAAAGGCGTA,L1cam
GII43,TGAGGTCCTT,Pcdh19
GII44,AGGGCATGTA,Pcdh19
GII45,AACCAGCTGA,Pcdh19
GII46,CGGGTAGATT,Pcdh19
GII47,GTAAACACGC,Cdh8
GII48,ATTCGCTTCC,Amigo1
GII49,GAGTATGCCA,Pcdh10
GII50,TCCGTATTGG,Cdh11
GII51,TTCATCACGG,Cdh11
GII52,TTCATCACGG,Lrfn1
GII53,TTCATCACGG,Cdh7
GII54,TCCGTGATCT,Tenm1
GII55,GGTAACCCTA,Tenm1
GII56,GGCAAATCAG,Adamts3
GII57,AGGGAAATCC,Adamts3
GII58,GGCAAATCAG,Itgb8
GII59,TGTGTGTACG,Lrrtm1
GII60,CCGCTTGAAT,Lrrtm1
GII61,CCGCTTGAAT,Cntnap3
GII62,ACGTAGTGTC,Cntnap3
GII63,ACGTAGTGTC,Robo1
GII64,GTTCGTGCTT,Robo1
GII65,AGCGGTCAAT,Cntnap2
GII66,AACTGGGCAA,Cntnap2
GII67,AACTGGGCAA,Lrrc55
GII68,ATTTGGCCTC,Lrrc55
GII69,CAAACCAGTC,Neo1
GII70,ATTTGGCCTC,Neo1
GII71,ACATCTGAGG,Neo1
GII72,CGCTAACTAC,Lrrtm3
GII73,CCTACAGTCT,Cntn2
GII74,GAGATGATCG,Cntn2
GII75,CCTACAGTCT,Plxnc1
GII76,GATCAGCAAC,Plxna1
GII77,GCGAATATGG,Plxna1
GII78,GCGAATATGG,Ptpra
GII79,AATCTTCGGC,Ptpra
GII80,AATCTTCGGC,Cd276
GII81,CGAATGGCAA,Cd276
GII82,AGCAAACTGG,Cdh10
GII83,GGCCTAAACA,Cdh10
GII84,GGCCTAAACA,Lrrc8a
GII85,AACAAGTCCG,Lrrc8a
GII86,CAGGATTTGG,Nrxn2
GII87,GGGTAATGAC,Nrxn2
GII88,GGGTAATGAC,Cdh22
GII89,ATTCAGGCCA,Cdh22
GII90,ACCGTAACGT,Cdh22
GII91,AAACCGATCG,Pcdh11x
GII92,CGTCTGAAAG,Pcdh11x
GII93,ACCGTAACGT,Pcdh11x
GII94,CGTCTGAAAG,Adamts20
GII95,GTAGTTCGAG,Adamts20
GII96,AACGTTCTGG,Cd47
GII97,TCTACTCTGC,Cd47
GII98,TCTACTCTGC,Cxadr
GII99,ACTCGGTTAG,Lrfn3
GII100,CGCATTCCTT,Lrfn3
GII101,GATGTGACAG,Lrrc8b
GII102,CTGGTTCATC,Igdcc4
GII103,TGGGAGCTAA,Igdcc4
GII104,GATGTGACAG,Igdcc4
GII105,CTGGTTCATC,Nptx1
GII106,AATGCGTGTC,Nptx1
GII107,AATTAGCGCC,Flrt2
GII108,CTCTTTCCAG,Flrt2
GII109,CCCGTACAAA,Jam3
GII110,CCCACTGAAA,Ptpru
GII111,CTTACAGGAG,Ptpru
GII112,GACCTAGTGT,Ptprs
GII113,CTTACAGGAG,Ptprs
GII114,GTACACTACC,Lrfn4
GII115,TTAGCCCGTT,Lrfn4
GII116,TTAGCCCGTT,Cntn3
GII117,CAGCAAGTGA,Cntn3
GII118,TAGCCATCCA,Adam10
GII119,GTTGGGAAAC,Adam10
GII120,GCTTCGAGAA,Clstn2
GII121,GTTGGGAAAC,Clstn2
GII122,CAAACGGTCA,Ntn3
GII123,CAAACGGTCA,Sdc3
GII124,TCGAACCGAA,Adamts10
GII125,GTGTAGCGTA,Adamts10
GII126,CTAGAGATCG,Adamts10
GII127,CTAGAGATCG,Lrrtm4
GII128,CGAGTTGGAT,Cntnap4
GII129,CGAGTTGGAT,Fat1
GII130,AAACGATCCC,Slitrk1
GII131,CGAGTTGGAT,Slitrk1
GII132,CGAGGTATGA,Alcam
GII133,TCTGAAGCGT,Igsf11
GII134,AACACCCGTA,Lgr4
GII135,GACTTGGATG,Lgr4
GII136,ACCACGTGTT,Lrig2
GII137,CGGAAAGGTA,Lrig2
GII138,AGCAACAGTG,Cdh4
GII139,AGCAACAGTG,Sirpa
GII140,CCGGTAATGA,Itga3
GII141,AGCAACAGTG,Itga3
GII142,ACAGAACGTC,Itgav
GII143,AGATCTCGCT,Kirrel3
GII144,CGATGAGGAA,Kirrel3
GII145,ATACGACGCA,Cdh2
GII146,CGATGAGGAA,Cdh2
GII147,ATACGACGCA,Ncam2
GII148,CTGTCAGTCA,Fat3
GII149,AGAGGATACG,Fat3
GII150,AAATCAGGCC,Fat3
GII151,AGAGGATACG,Ncam1
GII152,CATCGAAGGA,Ncam1
GII153,ACTACCGGAA,Cadm4
GII154,CGCACATAGA,Lrfn2
GII155,CTCACTCATG,Lrfn2
GII156,CATTGACGTG,Nrxn1
GII157,TATAACCGGC,Nrxn1
GII158,TATAACCGGC,Cbln4
GII159,TAGTGGGATC,Plxna2
GII160,CGGGACTAAA,Plxna2
GII161,ACTGCAAACG,Pcdhb20
GII162,CTTGGCTACA,Pcdhb20
GII163,ACTGCAAACG,Pcdh15
GII164,GCCGGATATT,Pcdh15
GII165,ACTGCTTCAC,Pcdh15
GII166,AGGCTACACT,Mmp24
GII167,ATTTCCCGCA,Mmp24
GII168,GTGGTTGCAA,Cdh6
GII169,CATGTGCTTC,Cdh6
GII170,GTCGACTTTG,Adam9
GII171,CACGGTTAAG,Adam9
GII172,CCTGTAAGCT,Lrrc8d
GII173,GTCGACTTTG,Lrrc8d
GII174,CTGAACCGTT,Cntn6
GII175,TATTTGGCGG,Adam15
GII176,ACAACCCAGT,Adam15
GII177,CATCTGGAGT,Flrt3
GII178,TATTTGGCGG,Flrt3
GII179,CTATGGACAG,Efna3
GII180,CATCTGGAGT,Efna3
GII181,GCGAATTCAC,Slitrk4
GII182,CACACTTCGT,Lrrc4
GII183,CACAAGGTGT,H2-D1
GII184,ATAAGGGAGC,H2-D1
GII185,CAGTTTAGGG,Plxna4
GII186,AAGACAACCG,Plxna4
GII187,AAGACAACCG,Itga9
GII188,AATGACCGTG,Itga9
GII189,AATGACCGTG,Cdh12
GII190,TCGTACGGTT,Cdh12
GII191,CTTCTACGAC,Cadm3
GII192,AACAACCCGT,Cadm3
GII193,CGATCATACC,Pcdh7
GII194,CTTCTACGAC,Pcdh7
GII195,TTGAGAGCGT,Hmcn2
GII196,CCAAAGCTAC,Hmcn2
GII197,CTACCGATGT,Cntn5
GII198,CCAAAGCTAC,Cntn5
GII199,CTATCGGTTC,Pcdhb17
GII200,GCATCCCATA,Pcdhb17
GII201,GCCAAATGCA,Ntng1
GII202,AGCACTACTC,Ntng1
GII203,GCATCCCATA,Ntng1
GII204,AGCGTAAGAG,Ntng1
GII205,GCAGTGTGTT,Efna5
GII206,AGCGTAAGAG,Efna5
GII207,GCAGTGTGTT,Slitrk2
GII208,TGCTGATAGG,Slitrk2
GII209,GAGCTCTACT,Mdga2
GII210,TGGTCTGACA,Mdga2
GII211,TGCTGATAGG,Mdga2
GII212,CTGACGAAAC,Jam2
GII213,ACGTCAAGTG,Jam2
GII214,GCGAGTACTT,Ptprm
GII215,AAACCCACGT,Efnb3
GII216,AAACCCACGT,Itga8
GII217,AAACGCCTAG,Itgb1
GII218,TGCAGCCATT,Itgb1
GII219,ATAACGCCGA,Adam11
GII220,AAACGCCTAG,Adam11
GII221,CCTTAAGCAG,Efnb2
GII222,AGAGCCTAGA,Efnb2
GII223,ATCGCGACTT,Efnb2
GII224,CCTTAAGCAG,Ptprf
GII225,ATGGGTTTGC,Ptprf
GII226,ATGGGTTTGC,Pcdhac2
GII227,GAGAACCTAG,Pcdhac2
GII228,CGTGCATATG,Cldn12
GII229,TCTGCCCAAA,Cldn12
GII230,GTACCCTCTA,Tenm4
GII231,ACAACACTCG,Tenm4
GII232,CCCTAGATCA,Tenm4
GII233,TTCCGTAGGT,Tenm4
GII234,GTACCCTCTA,Sdk1
GII235,GACGGGATTT,Sdk1
GII236,GGCTGTTAAC,Flrt1
GII237,CCAAAGGATG,Flrt1
GII238,TAGTAGCTGG,Fstl5
GII239,TAACGCCAGT,Fstl5
GII240,TAGTAGCTGG,Elfn2
GII241,ATTTCTGCCC,Elfn2
GII242,AGGTATACCG,Sema7a
GII243,AGGTATACCG,Il1rap
GII244,AGGAGTGCTA,Vstm2b
GII245,CTGCTGATTC,Il1rapl1
GII246,AGTCTAGCTC,Il1rapl2
GII247,CTGCTGATTC,Il1rapl2
GII248,GAGTGTCTTC,Fstl4
GII249,CACCTAAGTG,Fstl4
GII250,GAGTGTCTTC,Car2
GII251,GCTCTAGAAG,Car2
GII252,TCCGGAAGAT,Ppfia3
GII253,TGCGCTTTAG,Ppfia3
GII254,GCTCTAGAAG,Ppfia3
GII255,CAGAGATCCT,Sema3e
GII256,AACTTGCCCT,Sema3e
GII257,AACAGTACGG,Sema3e
GII258,TGCGCTTTAG,Sema3e
GII259,CCTCACATAG,Ppfia1
GII260,AACAGTACGG,Ppfia1
GII261,ACATACCCGA,Ppfia2
GII262,GCCTCTTACT,Ppfia2
GII263,CCGATAGACA,Ppfia2
GII264,GCCACTATAC,Ppfia4
GII265,TATTCCGGTC,Ppfia4
GII266,CCGATAGACA,Ppfia4
GII267,TACTGGCGTT,Sema3a
GII268,TATTCCGGTC,Sema3a
GII269,GATTACGCGT,Sema6a
GII270,CCGTTGAGTA,Sema6a
GII271,GCCTACAGTA,Sema6a
GII272,GCCTACAGTA,Sema6b
GII273,TTGAAGCAGC,Sema6b
GII274,GAAGTGCAGA,Sema6d
GII275,GCGACATTTG,Sema6d
GII276,CAGCGAATAG,Sema6d
GII277,CCGTGTAATC,Plxnd1
GII278,TCAGGACAAC,Ntn1
GII279,AACCAGCTGA,Plxnb1
GII280,GCCTTCATAG,Ntn4
GII281,TACGTAGACG,Ntn4
GII282,GACTTGGATG,Ntn5
GII283,CGGAAAGGTA,Ntn5
GII284,CTTCCTTCAG,Ntng2
GII285,ACGGTATGAC,Ntng2
GII286,CCCTCTTTGA,Ntng2
GII287,GGCAACGTTT,Plxna3
GII288,CCTAGCATCA,Plxna3
GII289,CTGACGAAAC,Plxnb2
GII290,GAGCTCTACT,Plxnb2
GII291,ACTCATCTCG,Plxnb3
GII292,ATTCTGGTGC,Plxnb3
GII293,GCTTCCTAAC,Car3
GII294,ATTTCTGCCC,Car3
GII295,CCTAATTGCG,Cd6
GII296,CGCTACTTGT,Mdga1
GII297,AGACTCCCTA,Robo3
GII298,GCGTGATCTA,Robo3
GII299,AAACCCACGT,Amigo2
GII300,CACTATCGTC,Vtcn1
GII301,CCGGATAGTT,Fat4
GII302,CAATGTGGCT,Fat4
GII303,GTAGCGAGTA,Pcdhga12
GII304,CCCAGATTAG,Cd28
GII305,TCGGAACACT,Pcdhb3
GII306,ATAACCGGCT,Pcdhgb5
GII307,GAGGATCGAA,Pcdhga5
GII308,AGTGGCCTTA,Adam21
GII309,ATCCTGCTTG,Cdh1
GII310,AACGAATGCC,Pcdhga9
GII311,GCCAAGGTAA,Pcdhga10
GII312,AATCGTCCTG,Pcdhb18
GII313,CGGCACAATT,Adamts18
GII314,CGACGTCAAA,Pcdhb22
GII315,GTAGCTCTTC,Mmp2
GII316,AAACAGCCTC,Pcdhga6
GII317,GCGGTTAATG,Itgb4
GII318,GCTGTTCCAT,Pcdhgb4
GII319,CATTGTTCGG,Pcdhb11
GII320,CAGACACTGT,Pcdhga4
GII321,GTAGACGCAT,Pcdhgb8
GII322,CATCGCCTTT,Itgb3
GII323,AAGCTGAGGA,Pcdhgb6
GII324,CGTGCAACAT,Lrig1
GII325,AATTCGACGC,Pcdhga3
GII326,TCTGAGCGTT,Cdh24
GII327,CAATAGCCCA,Cdh16
GII328,TCAGTGACGA,Adam4
GII329,CCGATTCCAA,Pcdhgb1
GII330,TCTCCGTTCA,Itga6
GII331,TACCCAGTAG,Itga6
GII332,GATGGCTGTT,Itga6
GII333,TCTCCGTTCA,Itga2b
GII334,GTCTTACTGC,Itga2b
GII335,CGGGTAGATT,Ptx4
GII336,CGAGTATCGA,Ptx4
GII337,TTCATCACGG,Nphs1
GII338,TTCATCACGG,Cdh23
GII339,GGTAACCCTA,Cdh23
GII340,TCCGTGATCT,Tnxb
GII341,TGATAGGCGA,Tnxb
GII342,TGATAGGCGA,Dchs1
GII343,ACTTGGTCGA,Dchs1
GII344,GGCAAATCAG,Amigo3
GII345,GTTCGTGCTT,Itgad
GII346,GTTCGTGCTT,Pcdha9
GII347,AGCGGTCAAT,Pcdha9
GII348,TACGTAGACG,Efna4
GII349,ATAGTTGCGG,Efna4
GII350,ATAGTTGCGG,Igdcc3
GII351,ACATTCGGGT,Igdcc3
GII352,CGCTAACTAC,Igdcc3
GII353,CGCTAACTAC,Pcdhgb7
GII354,CGCTAACTAC,Pcdhb5
GII355,AAAGGCGTCA,Pcdhb5
GII356,AAAGGCGTCA,Pcdha5
GII357,GAGATGATCG,Pcdha5
GII358,GATCAGCAAC,Adam8
GII359,CCTACAGTCT,Adam8
GII360,AACAAGTCCG,Cd40
GII361,AGGAATAGGC,Cd40
GII362,TCTACTCTGC,Cdhr3
GII363,TCTACTCTGC,Ptprc
GII364,GGGACGAATA,Ptprc
GII365,CGCGATATTG,Pcdhb12
GII366,GGGACGAATA,Pcdhb12
GII367,CGCGATATTG,Itgam
GII368,GTGTCTGTAG,Itgam
GII369,TCACCTGTGA,Pcdhb10
GII370,GATGTGACAG,Pcdhb10
GII371,AATTAGCGCC,Pcdh18
GII372,AATGCGTGTC,Pcdh18
GII373,CTCTTTCCAG,Hmcn1
GII374,CCTAGCATCA,Hmcn1
GII375,CGCGTGTTAT,Cdhr1
GII376,GGCAACGTTT,Cdhr1
GII377,CGCGTGTTAT,Cd4
GII378,CCCGTACAAA,Cd4
GII379,CCCGTACAAA,Pcdhb7
GII380,CCCGTACAAA,Itga10
GII381,CCCGTACAAA,Cdhr2
GII382,AGCCTTCTAC,Cdhr2
GII383,ACACGTGACT,Adamts15
GII384,CCATACTCTG,Pcdhb16
GII385,AAGATACGCC,Pcdhb16
GII386,AAGATACGCC,Cdh19
GII387,AGCTCATCTG,Cdh19
GII388,AGCTCATCTG,Adamts4
GII389,CCCACTGAAA,Adamts4
GII390,CGCGTTAAGT,Itga5
GII391,GTACACTACC,Itga5
GII392,AAGTCCAGCT,Itga5
GII393,CAGCAAGTGA,Sdc1
GII394,GAATGAGCTC,Sdc1
GII395,GAATGAGCTC,Itga2
GII396,AGCAAGCGAT,Itga2
GII397,TAGCCATCCA,Tnc
GII398,CAGTGGTAGT,Tnc
GII399,AAACGATCCC,Pcdhb15
GII400,ATTACCTCGG,Cdh26
GII401,AAAGTCTGCG,Cdh26
GII402,AAACGATCCC,Cdh26
GII403,TATGTGGGCT,Itga7
GII404,CAACTCGACA,Itga7
GII405,TCTGAAGCGT,Itga7
GII406,GCTAACTTGC,Pcdhb21
GII407,TATGTGGGCT,Pcdhb21
GII408,GCTAACTTGC,Pcdhb4
GII409,AACACCCGTA,Pcdhb4
GII410,CACAACTGAC,Itgb5
GII411,GTAATCAGCG,Itgb5
GII412,AGCAACAGTG,Cdh15
GII413,AGCAACAGTG,Pcdha12
GII414,AGCAACAGTG,Cbln1
GII415,TGTTGCTCGT,Adamts1
GII416,TGTTGCTCGT,Pcdhb19
GII417,AACTCCTCGA,Adam18
GII418,AGATCTCGCT,Adam18
GII419,AGTGTCATCG,Adamts8
GII420,AACACTGACC,Itgb2
GII421,CGAAGCACTA,Pcdhac1
GII422,AACACTGACC,Pcdhac1
GII423,CGAAGCACTA,Itgb6
GII424,CATTGGATCC,Itgb6
GII425,CATTGGATCC,Itgb7
GII426,CTGTCAGTCA,Itgb7
GII427,CATCGAAGGA,Iglon5
GII428,CATCGAAGGA,Cbln3
GII429,ACTACCGGAA,Cbln3
GII430,CTCACTCATG,Adamts13
GII431,CATTGACGTG,Adamts13
GII432,GCCTATACGT,Esam
GII433,TAGTGGGATC,Esam
GII434,CTTGGCTACA,Pcdh12
GII435,ATTCTCCACG,Lrig3
GII436,GCGTGATCTA,Lrig3
GII437,CTCAAGCCAA,Cdh3
GII438,AGACTCCCTA,Cdh3
GII439,GAGCATACTG,Pcdhga7
GII440,ATTTCCCGCA,Pcdhga7
GII441,CATGTGCTTC,Adamts5
GII442,GAGCATACTG,Adamts5
GII443,CATGTGCTTC,Pcdhb9
GII444,ACGTGCTATG,Itga4
GII445,ACGTGCTATG,Lgr6
GII446,ACTTGTGGAC,Lgr6
GII447,TTCACGGTTG,Pcdhga1
GII448,ACTTGTGGAC,Pcdhga1
GII449,TTCACGGTTG,Pcdhb14
GII450,CACGGTTAAG,Pcdhb14
GII451,CTGAACCGTT,Efna1
GII452,CCTGTAAGCT,Efna1
GII453,CTGAACCGTT,Kirrel
GII454,CAATCAGCGA,Kirrel
GII455,ACAACCCAGT,Itgae
GII456,TGCAACTTCG,Itgae
GII457,GTAAGGACCA,Pcdhb8
GII458,GTAAGGACCA,Igsf9
GII459,GGCTAGAAAG,Igsf9
GII460,ACGTTTCCTC,Adamts2
GII461,GGCTAGAAAG,Adamts2
GII462,CTCGTCACAT,Itga11
GII463,CGCTACGATA,Itga11
GII464,CTCGTCACAT,Pcdhgb2
GII465,AACCTAGGCA,Pcdhgb2
GII466,CACAAGGTGT,Pcdhb6
GII467,AACCTAGGCA,Pcdhb6
GII468,CACAAGGTGT,Pcdha2
GII469,ATAAGGGAGC,Slitrk6
GII470,CAGTTTAGGG,Slitrk6
GII471,TCGTACGGTT,Itga1
GII472,TCGTACGGTT,Pcdha10
GII473,CACTATCGTC,Pcdha10
GII474,CACTATCGTC,Pcdhb13
GII475,AACAACCCGT,Pcdhb13
GII476,AAACTGTCGG,Pcdha3
GII477,CGATCATACC,Pcdha3
GII478,ACGTCAAGTG,Dsg2
GII479,ACATTGGCAC,Dsg2
GII480,ACATTGGCAC,Pcdha11
GII481,ACTCATCTCG,Pcdha11
GII482,GCGAGTACTT,Mmp9
GII483,CATAGGACGT,Mmp9
GII484,GCGAGTACTT,Adamts16
GII485,ACTCCTACGA,Adamts16
GII486,ACACGACCTT,Adamts16
GII487,AAACCCACGT,Tnn
GII488,ATAACGCCGA,Pcdha8
GII489,ATCGCGACTT,Pcdha8
GII490,ATCGCGACTT,H2-K1
GII491,CCTTAAGCAG,Cdhr4
GII492,GAGAACCTAG,Pcdhga11
GII493,TGGGTCTTGA,Pcdhga11
GII494,TGGGTCTTGA,Lgr5
GII495,CGTGCATATG,Lgr5
GII496,TCTGCCCAAA,Fat2
GII497,AAACGAGGGT,Itgax
GII498,AGGCTAATGG,Itgax
GII499,AGGCTAATGG,Cdh17
GII500,AGGCTAATGG,Pcdha1
GII501,CGTATTGGGA,Pcdha1
GII502,CCCTGCAAAT,Lrrc38
GII503,CGTATTGGGA,Lrrc38
GII504,CCCTGCAAAT,Adam12
GII505,CTTCCTTCAG,Adam12
GII506,CCCTCTTTGA,Cd226
GII507,GTGTTGTCCA,Cd226
GII508,GTGTTGTCCA,Pcdhga2
GII509,ACAACACTCG,Pcdhga2
GII510,CCAAAGGATG,Pcdhga8
GII511,GACGGGATTT,Pcdhga8
GII512,TACTGGCGTT,Sema3b
GII513,AAACACGTGC,Sema3f
GII514,GCTCAACGAT,Sema3f
GII515,TACTGGCGTT,Sema3f
GII516,AAACACGTGC,Sema4g
GII517,CCGTTGAGTA,Sema4g
GII518,TTGTCCTAGG,Sema6c
GII519,TTGAAGCAGC,Sema6c
GII520,GCGACATTTG,Sema6c
GII521,TTACACCTGG,Pcdha6
GII522,ACCTAGCAGT,Cd274
GII523,GTAACGTTCG,Cldn3
GII524,CGATCGAGTT,Dscam
GII525,TGTACCACAG,Cldn10
GII526,GGCATACGAA,Cldn5
GII527,AAGGTGAACC,Ocln
GII528,TCGCTGAGAT,Adgrb3
GII529,GGGAAACATC,Adgrb3
GII530,GGTTTCAGTG,Adgrb3
GII531,CACACTAGAG,Pcdha7
GII532,CGCTAATCCA,Pcdha7
GII533,CCGATTCCAA,Adgrl1
GII534,TAACAAGCGG,Adgrl1
GII535,CGAGTATCGA,Ccn1
GII536,AACCAGCTGA,Cldn1
GII537,GTAAACACGC,Ccn4
GII538,CGAATGGCAA,Cldn19
GII539,AGCAAACTGG,Cldn19
GII540,AGGAATAGGC,Dchs2
GII541,GCTACACACA,Dchs2
GII542,GCTACACACA,Ccn2
GII543,CAGGATTTGG,Ccn2
GII544,AACGTTCTGG,Pcdha4
GII545,GTAGTTCGAG,Pcdha4
GII546,GTGTCTGTAG,Dscaml1
GII547,ACTCGGTTAG,Dscaml1
GII548,AGCCTTCTAC,Mmp3
GII549,CCGGATAGTT,Mmp3
GII550,ACACGTGACT,Adgra2
GII551,CCATACTCTG,Adgra2
GII552,CAGTGGTAGT,Adgrl3
GII553,GTAAGTCCGT,Adgrl3
GII554,AGCAAGCGAT,Adgrl3
GII555,TTACCAGTCC,Cldn23
GII556,CGAGTTGGAT,Cldn23
GII557,ATACGACGCA,Cldn22
GII558,CCTTCAGGTA,Cldn22
GII559,ATTCTCCACG,Icosl
GII560,ACTGCTTCAC,Icosl
GII561,ACGTTTCCTC,Nectin1
GII562,CGCTACGATA,Nectin1
GII563,GTGTGTCGAT,Cldn7
GII564,CTATCGGTTC,Cldn7
GII565,AAACGAGGGT,Adgrl2
GII566,AGTACAGCCA,Adgrl2
GII567,GCACTATCCT,Adgrl2
GII568,AGGCTAATGG,Cldn20
GII569,AGGCTAATGG,Sdc4
GII570,TAACGCCAGT,Nectin3
GII571,AGGTATACCG,Tafa5
GII572,GCTTCCTAAC,Tafa5
GII573,AGGTATACCG,Tafa3
GII574,AAACGGGATG,Tafa3
GII575,CCCGATACAA,Adgrf5
GII576,ATGAACCCAC,Adgrf5
GII577,TAGCCTGAGT,Adgrf5
GII578,AAACGGGATG,Adgrf5
GII579,GGGTACAACA,Gp1ba
GII580,TACCATGGAC,Gp1ba
GII581,CTGCTGATTC,Tafa4
GII582,GGGTACAACA,Tafa4
GII583,AGTCTAGCTC,Gp1bb
GII584,CACCTAAGTG,Gp1bb
GII585,GAGTGTCTTC,Tafa2
GII586,GAGTGTCTTC,Adgra3
GII587,CGGGACTAAA,Cntn1
GII588,GGTTTCAGTG,Cntn1
GII589,CTTGGCTACA,Cntn1
GII590,CTTGATCGCT,Lsamp
GII591,CATAAGGCAC,Lsamp
GII592,AAACCCACGT,Lsamp
GII593,AATGGGTCCT,Ntm
GII594,CAAGACGTAG,Ntm
GII595,TCAGTGACGA,Ntm
GII596,CGAGTATCGA,Opcml
GII597,TACATTCGCG,Opcml
GII598,CAAAGGCGTA,Opcml
GII599,ATAGTTGCGG,Negr1
GII600,CGCTTGAATC,Negr1
GII601,TTTAGGGCAG,Negr1
GII602,CATAAGGCAC,Nptn
GII603,AAAGTCTGCG,Nptn
GII604,AAACTGTCGG,Cadm1
GII605,CATAAGGCAC,Cadm1
GII606,AATGGCAGAC,Cadm1
GII607,GTTAGCCAGA,Cadm1
GII608,CCCTGGTATA,Cadm2
GII609,GAGGTAACTC,Cadm2
GII610,CGGTGGTTAA,Cadm2
GII611,TTAGCGTTGC,Cadm2
GII612,AATAGCGCGA,Robo2
GII613,GACGAAATGG,Robo2
GII614,CGAGGTATGA,Robo2
GII615,TCGCTGAGAT,Robo2
GII616,CAATGATGGC,Ptprd
GII617,AATGCGTGTC,Ptprd
GII618,GGTTTCAGTG,Ptprd
GII619,CTACCGATGT,Pcdh9
GII620,GTGTGTCGAT,Pcdh9
GII621,AGTACTGTGG,Pcdh9
GII622,AGCACTCTCA,Pcdh9
GII623,CGGGTAGATT,Clstn1
GII624,TTTAGGGCAG,Clstn1
GII625,CAATCAGCGA,Lrrc4c
GII626,TGCAACTTCG,Lrrc4c
GII627,CAGCGAATAG,Lrrc4c
GII628,CCCGTACAAA,Nlgn1
GII629,CGCTTGAATC,Nlgn1
GII630,GTAATCAGCG,Nrxn3
GII631,ATCCACGCTT,Tenm2
GII632,CCCTAACATG,Tenm2
GII633,ATTCGCTTCC,Tenm2
GII634,AGCTATGCAC,Tenm2
GII635,CAGCGAATAG,Tspan5
GII636,TACGTAGACG,Cbln2
GII637,CGAGTTGGAT,Cntnap5a